<?xml version="1.0" encoding="UTF-8"?>
<office:document-content
	xmlns:office="urn:oasis:names:tc:opendocument:xmlns:office:1.0"
	xmlns:style="urn:oasis:names:tc:opendocument:xmlns:style:1.0"
	xmlns:text="urn:oasis:names:tc:opendocument:xmlns:text:1.0"
	xmlns:table="urn:oasis:names:tc:opendocument:xmlns:table:1.0"
	xmlns:draw="urn:oasis:names:tc:opendocument:xmlns:drawing:1.0"
	xmlns:fo="urn:oasis:names:tc:opendocument:xmlns:xsl-fo-compatible:1.0"
	xmlns:xlink="http://www.w3.org/1999/xlink" xmlns:dc="http://purl.org/dc/elements/1.1/"
	xmlns:meta="urn:oasis:names:tc:opendocument:xmlns:meta:1.0"
	xmlns:number="urn:oasis:names:tc:opendocument:xmlns:datastyle:1.0"
	xmlns:svg="urn:oasis:names:tc:opendocument:xmlns:svg-compatible:1.0"
	xmlns:chart="urn:oasis:names:tc:opendocument:xmlns:chart:1.0"
	xmlns:dr3d="urn:oasis:names:tc:opendocument:xmlns:dr3d:1.0" xmlns:math="http://www.w3.org/1998/Math/MathML"
	xmlns:form="urn:oasis:names:tc:opendocument:xmlns:form:1.0"
	xmlns:script="urn:oasis:names:tc:opendocument:xmlns:script:1.0"
	xmlns:ooo="http://openoffice.org/2004/office" xmlns:ooow="http://openoffice.org/2004/writer"
	xmlns:oooc="http://openoffice.org/2004/calc" xmlns:dom="http://www.w3.org/2001/xml-events"
	xmlns:xforms="http://www.w3.org/2002/xforms" xmlns:xsd="http://www.w3.org/2001/XMLSchema"
	xmlns:xsi="http://www.w3.org/2001/XMLSchema-instance" xmlns:rpt="http://openoffice.org/2005/report"
	xmlns:of="urn:oasis:names:tc:opendocument:xmlns:of:1.2" xmlns:xhtml="http://www.w3.org/1999/xhtml"
	xmlns:grddl="http://www.w3.org/2003/g/data-view#" xmlns:officeooo="http://openoffice.org/2009/office"
	xmlns:tableooo="http://openoffice.org/2009/table" xmlns:drawooo="http://openoffice.org/2010/draw"
	xmlns:calcext="urn:org:documentfoundation:names:experimental:calc:xmlns:calcext:1.0"
	xmlns:loext="urn:org:documentfoundation:names:experimental:office:xmlns:loext:1.0"
	xmlns:field="urn:openoffice:names:experimental:ooo-ms-interop:xmlns:field:1.0"
	xmlns:formx="urn:openoffice:names:experimental:ooxml-odf-interop:xmlns:form:1.0"
	xmlns:css3t="http://www.w3.org/TR/css3-text/" office:version="1.2">
	<office:scripts />
	<office:font-face-decls>
		<style:font-face style:name="Lucida Sans1"
			svg:font-family="&apos;Lucida Sans&apos;" style:font-family-generic="swiss" />
		<style:font-face style:name="Calibri" svg:font-family="Calibri"
			style:font-family-generic="roman" style:font-pitch="variable" />
		<style:font-face style:name="Calibri Light"
			svg:font-family="&apos;Calibri Light&apos;"
			style:font-family-generic="roman" style:font-pitch="variable" />
		<style:font-face style:name="Liberation Sans"
			svg:font-family="&apos;Liberation Sans&apos;"
			style:font-family-generic="swiss" style:font-pitch="variable" />
		<style:font-face style:name="F" svg:font-family=""
			style:font-family-generic="system" style:font-pitch="variable" />
		<style:font-face style:name="Courier New"
			svg:font-family="&apos;Courier New&apos;" style:font-family-generic="system"
			style:font-pitch="variable" />
		<style:font-face style:name="Lucida Sans"
			svg:font-family="&apos;Lucida Sans&apos;" style:font-family-generic="system"
			style:font-pitch="variable" />
		<style:font-face style:name="Microsoft YaHei"
			svg:font-family="&apos;Microsoft YaHei&apos;"
			style:font-family-generic="system" style:font-pitch="variable" />
		<style:font-face style:name="Times New Roman"
			svg:font-family="&apos;Times New Roman&apos;"
			style:font-family-generic="system" style:font-pitch="variable" />
		<style:font-face style:name="ＭＳ ゴシック" svg:font-family="&apos;ＭＳ ゴシック&apos;"
			style:font-family-generic="system" style:font-pitch="variable" />
		<style:font-face style:name="ＭＳ 明朝" svg:font-family="&apos;ＭＳ 明朝&apos;"
			style:font-family-generic="system" style:font-pitch="variable" />
	</office:font-face-decls>
	<office:automatic-styles>
		<style:style style:name="P1" style:family="paragraph"
			style:parent-style-name="Contents_20_1">
			<style:paragraph-properties fo:text-align="end"
				style:justify-single-word="false" />
		</style:style>
		<style:style style:name="P2" style:family="paragraph"
			style:parent-style-name="TOC_20_Heading" style:master-page-name="Standard">
			<style:paragraph-properties fo:margin-top="0cm"
				fo:margin-bottom="0.212cm" loext:contextual-spacing="false"
				style:page-number="auto" />
		</style:style>
		<style:style style:name="P3" style:family="paragraph"
			style:parent-style-name="Header">
			<style:paragraph-properties fo:text-align="end"
				style:justify-single-word="false" />
		</style:style>
		<style:style style:name="P4" style:family="paragraph"
			style:parent-style-name="Footer">
			<style:paragraph-properties fo:text-align="center"
				style:justify-single-word="false" />
		</style:style>
		<style:style style:name="P5" style:family="paragraph"
			style:parent-style-name="Contents_20_2">
			<style:paragraph-properties
				fo:margin-left="0.379cm" fo:margin-right="0cm" fo:margin-top="0cm"
				fo:margin-bottom="0cm" loext:contextual-spacing="false"
				fo:text-indent="0cm" style:auto-text-indent="false" />
		</style:style>
		<style:style style:name="P6" style:family="paragraph"
			style:parent-style-name="Contents_20_2">
			<style:paragraph-properties
				fo:margin-left="0.381cm" fo:margin-right="0cm" fo:text-indent="0cm"
				style:auto-text-indent="false" />
		</style:style>
		<style:style style:name="P7" style:family="paragraph"
			style:parent-style-name="Contents_20_2">
			<loext:graphic-properties
				draw:fill-image-width="0cm" draw:fill-image-height="0cm" />
			<style:paragraph-properties
				fo:margin-left="0.381cm" fo:margin-right="0cm" fo:margin-top="0cm"
				fo:margin-bottom="0.176cm" loext:contextual-spacing="false"
				fo:line-height="105%" fo:text-align="start"
				style:justify-single-word="false" fo:orphans="2" fo:widows="2"
				fo:text-indent="0cm" style:auto-text-indent="false" />
		</style:style>
		<style:style style:name="P8" style:family="paragraph"
			style:parent-style-name="Contents_20_2" style:master-page-name="">
			<style:paragraph-properties
				fo:margin-left="0.381cm" fo:margin-right="0cm" fo:margin-top="0cm"
				fo:margin-bottom="0.176cm" loext:contextual-spacing="false"
				fo:line-height="105%" fo:text-align="start"
				style:justify-single-word="false" fo:orphans="2" fo:widows="2"
				fo:text-indent="0cm" style:auto-text-indent="false"
				style:page-number="auto" style:shadow="none" />
		</style:style>
		<style:style style:name="P9" style:family="paragraph"
			style:parent-style-name="Contents_20_2">
			<style:paragraph-properties
				fo:margin-left="0cm" fo:margin-right="0cm" fo:text-indent="0cm"
				style:auto-text-indent="false" />
		</style:style>
		<style:style style:name="T1" style:family="text">
			<style:text-properties fo:font-weight="bold"
				style:font-weight-asian="bold" />
		</style:style>
		<style:style style:name="T2" style:family="text">
			<style:text-properties fo:font-weight="bold"
				style:font-weight-asian="bold" style:font-weight-complex="bold" />
		</style:style>
		<style:style style:name="T3" style:family="text">
			<style:text-properties fo:font-style="italic"
				style:font-style-asian="italic" />
		</style:style>
	</office:automatic-styles>
	<office:body>
		<office:text text:use-soft-page-breaks="true">
			<office:forms form:automatic-focus="false"
				form:apply-design-mode="false" />
			<text:sequence-decls>
				<text:sequence-decl text:display-outline-level="0"
					text:name="Illustration" />
				<text:sequence-decl text:display-outline-level="0"
					text:name="Table" />
				<text:sequence-decl text:display-outline-level="0"
					text:name="Text" />
				<text:sequence-decl text:display-outline-level="0"
					text:name="Drawing" />
			</text:sequence-decls>
			<text:p text:style-name="P2">Inhaltsverzeichnis</text:p>
			<text:p text:style-name="P1">
				<text:span text:style-name="T2">Ausgabe, Seite</text:span>
			</text:p><text:p text:style-name="Contents_20_1">
				<text:span text:style-name="T2">BIG DATA: THEORETICAL ASPECTS</text:span>
			</text:p>			<text:p text:style-name="P8">
				<text:s text:c="2" />
				Table of Contents [Big Data: Theoretical Aspects]
				<text:tab />
				<text:span text:style-name="T1">1, 1</text:span>
			</text:p><text:p text:style-name="P5">
				<text:span text:style-name="T3">James T. Yurkovich ; Bernhard O. Palsson</text:span>
			</text:p>			<text:p text:style-name="P8">
				<text:s text:c="2" />
				Solving Puzzles With Missing Pieces: The Power of Systems Biology
				<text:tab />
				<text:span text:style-name="T1">1, 2</text:span>
			</text:p><text:p text:style-name="P5">
				<text:span text:style-name="T3">Simon Haykin ; Stephen Wright ; Yoshua Bengio</text:span>
			</text:p>			<text:p text:style-name="P8">
				<text:s text:c="2" />
				Big Data: Theoretical Aspects [Scanning the Issue]
				<text:tab />
				<text:span text:style-name="T1">1, 8</text:span>
			</text:p><text:p text:style-name="P5">
				<text:span text:style-name="T3">Maximilian Nickel ; Kevin Murphy ; Volker Tresp ; Evgeniy Gabrilovich</text:span>
			</text:p>			<text:p text:style-name="P8">
				<text:s text:c="2" />
				A Review of Relational Machine Learning for Knowledge Graphs
				<text:tab />
				<text:span text:style-name="T1">1, 11</text:span>
			</text:p><text:p text:style-name="P5">
				<text:span text:style-name="T3">Jun Wang ; Wei Liu ; Sanjiv Kumar ; Shih-Fu Chang</text:span>
			</text:p>			<text:p text:style-name="P8">
				<text:s text:c="2" />
				Learning to Hash for Indexing Big Data—A Survey
				<text:tab />
				<text:span text:style-name="T1">1, 34</text:span>
			</text:p><text:p text:style-name="P5">
				<text:span text:style-name="T3">Jiyan Yang ; Xiangrui Meng ; Michael W. Mahoney</text:span>
			</text:p>			<text:p text:style-name="P8">
				<text:s text:c="2" />
				Implementing Randomized Matrix Algorithms in Parallel and Distributed Environments
				<text:tab />
				<text:span text:style-name="T1">1, 58</text:span>
			</text:p><text:p text:style-name="P5">
				<text:span text:style-name="T3">Alfred O. Hero ; Bala Rajaratnam</text:span>
			</text:p>			<text:p text:style-name="P8">
				<text:s text:c="2" />
				Foundational Principles for Large-Scale Inference: Illustrations Through Correlation Mining
				<text:tab />
				<text:span text:style-name="T1">1, 93</text:span>
			</text:p><text:p text:style-name="P5">
				<text:span text:style-name="T3">Quentin Berthet ; Venkat Chandrasekaran</text:span>
			</text:p>			<text:p text:style-name="P8">
				<text:s text:c="2" />
				Resource Allocation for Statistical Estimation
				<text:tab />
				<text:span text:style-name="T1">1, 111</text:span>
			</text:p><text:p text:style-name="P5">
				<text:span text:style-name="T3">Peter Bühlmann ; Nicolai Meinshausen</text:span>
			</text:p>			<text:p text:style-name="P8">
				<text:s text:c="2" />
				Magging: Maximin Aggregation for Inhomogeneous Large-Scale Data
				<text:tab />
				<text:span text:style-name="T1">1, 126</text:span>
			</text:p><text:p text:style-name="P5">
				<text:span text:style-name="T3">Alina Beygelzimer ; Hal Daumé ; John Langford ; Paul Mineiro</text:span>
			</text:p>			<text:p text:style-name="P8">
				<text:s text:c="2" />
				Learning Reductions That Really Work
				<text:tab />
				<text:span text:style-name="T1">1, 136</text:span>
			</text:p><text:p text:style-name="P5">
				<text:span text:style-name="T3">Bobak Shahriari ; Kevin Swersky ; Ziyu Wang ; Ryan P. Adams ; Nando de Freitas</text:span>
			</text:p>			<text:p text:style-name="P8">
				<text:s text:c="2" />
				Taking the Human Out of the Loop: A Review of Bayesian Optimization
				<text:tab />
				<text:span text:style-name="T1">1, 148</text:span>
			</text:p><text:p text:style-name="P5">
				<text:span text:style-name="T3">Michael K. K. Leung ; Andrew Delong ; Babak Alipanahi ; Brendan J. Frey</text:span>
			</text:p>			<text:p text:style-name="P8">
				<text:s text:c="2" />
				Machine Learning in Genomic Medicine: A Review of Computational Problems and Data Sets
				<text:tab />
				<text:span text:style-name="T1">1, 176</text:span>
			</text:p><text:p text:style-name="P5">
				<text:span text:style-name="T3">Simón Reif-Acherman</text:span>
			</text:p>			<text:p text:style-name="P8">
				<text:s text:c="2" />
				Georg Simon Ohm and the First Comprehensive Theory of Electrical Conductivity in Metals [Scanning our Past]
				<text:tab />
				<text:span text:style-name="T1">1, 198</text:span>
			</text:p>			<text:p text:style-name="P8">
				<text:s text:c="2" />
				Future Special Issues/Special Sections of the Proceedings
				<text:tab />
				<text:span text:style-name="T1">1, 210</text:span>
			</text:p>			<text:p text:style-name="P8">
				<text:s text:c="2" />
				Introducing IEEE Collabratec
				<text:tab />
				<text:span text:style-name="T1">1, 211</text:span>
			</text:p>			<text:p text:style-name="P8">
				<text:s text:c="2" />
				IEEE membership can help you reach your personal goals
				<text:tab />
				<text:span text:style-name="T1">1, 212</text:span>
			</text:p>			<text:p text:style-name="P8">
				<text:s text:c="2" />
				Front cover
				<text:tab />
				<text:span text:style-name="T1">1, C1</text:span>
			</text:p>			<text:p text:style-name="P8">
				<text:s text:c="2" />
				Proceedings of the IEEE publication information
				<text:tab />
				<text:span text:style-name="T1">1, C2</text:span>
			</text:p>			<text:p text:style-name="P8">
				<text:s text:c="2" />
				IEEE Global History Network
				<text:tab />
				<text:span text:style-name="T1">1, C3</text:span>
			</text:p>			<text:p text:style-name="P8">
				<text:s text:c="2" />
				Back cover
				<text:tab />
				<text:span text:style-name="T1">1, C4</text:span>
			</text:p><text:p text:style-name="Contents_20_1">
				<text:span text:style-name="T2">BIOMEDICAL SIGNAL PROCESSING: FROM A CONCEPTUAL FRAMEWORK TO CLINICAL APPLICATIONS</text:span>
			</text:p>			<text:p text:style-name="P8">
				<text:s text:c="2" />
				Table of Contents [Biomedical Signal Processing: From a Conceptual Framework to Clinical Applications]
				<text:tab />
				<text:span text:style-name="T1">2, 213</text:span>
			</text:p><text:p text:style-name="P5">
				<text:span text:style-name="T3">Brendan Godfrey</text:span>
			</text:p>			<text:p text:style-name="P8">
				<text:s text:c="2" />
				Fundamental Research and U.S. National Security [Point of View]
				<text:tab />
				<text:span text:style-name="T1">2, 215</text:span>
			</text:p><text:p text:style-name="P5">
				<text:span text:style-name="T3">Mathias Baumert ; Alberto Porta ; Andrzej Cichocki</text:span>
			</text:p>			<text:p text:style-name="P8">
				<text:s text:c="2" />
				Biomedical Signal Processing: From a Conceptual Framework to Clinical Applications [Scanning the Issue]
				<text:tab />
				<text:span text:style-name="T1">2, 220</text:span>
			</text:p><text:p text:style-name="P5">
				<text:span text:style-name="T3">Philip Clemson ; Gemma Lancaster ; Aneta Stefanovska</text:span>
			</text:p>			<text:p text:style-name="P8">
				<text:s text:c="2" />
				Reconstructing Time-Dependent Dynamics
				<text:tab />
				<text:span text:style-name="T1">2, 223</text:span>
			</text:p><text:p text:style-name="P5">
				<text:span text:style-name="T3">Toru Nakamura ; Ken Kiyono ; Herwig Wendt ; Patrice Abry ; Yoshiharu Yamamoto</text:span>
			</text:p>			<text:p text:style-name="P8">
				<text:s text:c="2" />
				Multiscale Analysis of Intensive Longitudinal Biomedical Signals and Its Clinical Applications
				<text:tab />
				<text:span text:style-name="T1">2, 242</text:span>
			</text:p><text:p text:style-name="P5">
				<text:span text:style-name="T3">Lutz Leistritz ; Karin Schiecke ; Laura Astolfi ; Herbert Witte</text:span>
			</text:p>			<text:p text:style-name="P8">
				<text:s text:c="2" />
				Time-Variant Modeling of Brain Processes
				<text:tab />
				<text:span text:style-name="T1">2, 262</text:span>
			</text:p><text:p text:style-name="P5">
				<text:span text:style-name="T3">Alberto Porta ; Luca Faes</text:span>
			</text:p>			<text:p text:style-name="P8">
				<text:s text:c="2" />
				Wiener–Granger Causality in Network Physiology With Applications to Cardiovascular Control and Neuroscience
				<text:tab />
				<text:span text:style-name="T1">2, 282</text:span>
			</text:p><text:p text:style-name="P5">
				<text:span text:style-name="T3">Guoxu Zhou ; Qibin Zhao ; Yu Zhang ; Tülay Adalı ; Shengli Xie ; Andrzej Cichocki</text:span>
			</text:p>			<text:p text:style-name="P8">
				<text:s text:c="2" />
				Linked Component Analysis From Matrices to High-Order Tensors: Applications to Biomedical Data
				<text:tab />
				<text:span text:style-name="T1">2, 310</text:span>
			</text:p><text:p text:style-name="P5">
				<text:span text:style-name="T3">Yuanqing Li ; Jiahui Pan ; Jinyi Long ; Tianyou Yu ; Fei Wang ; Zhuliang Yu ; Wei Wu</text:span>
			</text:p>			<text:p text:style-name="P8">
				<text:s text:c="2" />
				Multimodal BCIs: Target Detection, Multidimensional Control, and Awareness Evaluation in Patients With Disorder of Consciousness
				<text:tab />
				<text:span text:style-name="T1">2, 332</text:span>
			</text:p><text:p text:style-name="P5">
				<text:span text:style-name="T3">Dario Farina ; Aleš Holobar</text:span>
			</text:p>			<text:p text:style-name="P8">
				<text:s text:c="2" />
				Characterization of Human Motor Units From Surface EMG Decomposition
				<text:tab />
				<text:span text:style-name="T1">2, 353</text:span>
			</text:p><text:p text:style-name="P5">
				<text:span text:style-name="T3">David J. Warren ; Spencer Kellis ; Jacob G. Nieveen ; Suzanne M. Wendelken ; Henrique Dantas ; Tyler S. Davis ; Douglas T. Hutchinson ; Richard A. Normann ; Gregory A. Clark ; V. John Mathews</text:span>
			</text:p>			<text:p text:style-name="P8">
				<text:s text:c="2" />
				Recording and Decoding for Neural Prostheses
				<text:tab />
				<text:span text:style-name="T1">2, 374</text:span>
			</text:p><text:p text:style-name="P5">
				<text:span text:style-name="T3">Pablo Laguna ; Juan Pablo Martínez Cortés ; Esther Pueyo</text:span>
			</text:p>			<text:p text:style-name="P8">
				<text:s text:c="2" />
				Techniques for Ventricular Repolarization Instability Assessment From the ECG
				<text:tab />
				<text:span text:style-name="T1">2, 392</text:span>
			</text:p><text:p text:style-name="P5">
				<text:span text:style-name="T3">Mathias Baumert ; Prashanthan Sanders ; Anand Ganesan</text:span>
			</text:p>			<text:p text:style-name="P8">
				<text:s text:c="2" />
				Quantitative-Electrogram-Based Methods for Guiding Catheter Ablation in Atrial Fibrillation
				<text:tab />
				<text:span text:style-name="T1">2, 416</text:span>
			</text:p><text:p text:style-name="P5">
				<text:span text:style-name="T3">Kazuya Hosokawa ; Kenji Sunagawa</text:span>
			</text:p>			<text:p text:style-name="P8">
				<text:s text:c="2" />
				Closed-Loop Neuromodulation Technology for Baroreflex Blood Pressure Control
				<text:tab />
				<text:span text:style-name="T1">2, 432</text:span>
			</text:p><text:p text:style-name="P5">
				<text:span text:style-name="T3">Alistair E. W. Johnson ; Mohammad M. Ghassemi ; Shamim Nemati ; Katherine E. Niehaus ; David A. Clifton ; Gari D. Clifford</text:span>
			</text:p>			<text:p text:style-name="P8">
				<text:s text:c="2" />
				Machine Learning and Decision Support in Critical Care
				<text:tab />
				<text:span text:style-name="T1">2, 444</text:span>
			</text:p><text:p text:style-name="P5">
				<text:span text:style-name="T3">Massimo Guarnieri</text:span>
			</text:p>			<text:p text:style-name="P8">
				<text:s text:c="2" />
				The Rise of Light—Discovering Its Secrets [Scanning Our Past]
				<text:tab />
				<text:span text:style-name="T1">2, 467</text:span>
			</text:p>			<text:p text:style-name="P8">
				<text:s text:c="2" />
				Future Special Issues/Special Sections of the Proceedings
				<text:tab />
				<text:span text:style-name="T1">2, 474</text:span>
			</text:p>			<text:p text:style-name="P8">
				<text:s text:c="2" />
				Introducing IEEE Collabratec
				<text:tab />
				<text:span text:style-name="T1">2, 475</text:span>
			</text:p>			<text:p text:style-name="P8">
				<text:s text:c="2" />
				IEEE Access
				<text:tab />
				<text:span text:style-name="T1">2, 476</text:span>
			</text:p>			<text:p text:style-name="P8">
				<text:s text:c="2" />
				Front cover
				<text:tab />
				<text:span text:style-name="T1">2, C1</text:span>
			</text:p>			<text:p text:style-name="P8">
				<text:s text:c="2" />
				Proceedings of the IEEE publication information
				<text:tab />
				<text:span text:style-name="T1">2, C2</text:span>
			</text:p>			<text:p text:style-name="P8">
				<text:s text:c="2" />
				IEEE Global History Network
				<text:tab />
				<text:span text:style-name="T1">2, C3</text:span>
			</text:p>			<text:p text:style-name="P8">
				<text:s text:c="2" />
				Back cover
				<text:tab />
				<text:span text:style-name="T1">2, C4</text:span>
			</text:p><text:p text:style-name="Contents_20_1">
				<text:span text:style-name="T2">PHASED ARRAY TECHNOLOGIES</text:span>
			</text:p>			<text:p text:style-name="P8">
				<text:s text:c="2" />
				Table of Contents [Phased Array Technologies]
				<text:tab />
				<text:span text:style-name="T1">3, 477</text:span>
			</text:p><text:p text:style-name="P5">
				<text:span text:style-name="T3">Christopher R. Hutter</text:span>
			</text:p>			<text:p text:style-name="P8">
				<text:s text:c="2" />
				Patents: When They Make Sense and When They Do Not
				<text:tab />
				<text:span text:style-name="T1">3, 479</text:span>
			</text:p><text:p text:style-name="P5">
				<text:span text:style-name="T3">Benjamin R. Epstein ; Roy H. Olsson III ; Ruth Rotman</text:span>
			</text:p>			<text:p text:style-name="P8">
				<text:s text:c="2" />
				Phased Array Technologies [Scanning the Issue]
				<text:tab />
				<text:span text:style-name="T1">3, 482</text:span>
			</text:p><text:p text:style-name="P5">
				<text:span text:style-name="T3">Caleb Fulton ; Mark Yeary ; Daniel Thompson ; John Lake ; Adam Mitchell</text:span>
			</text:p>			<text:p text:style-name="P8">
				<text:s text:c="2" />
				Digital Phased Arrays: Challenges and Opportunities
				<text:tab />
				<text:span text:style-name="T1">3, 487</text:span>
			</text:p><text:p text:style-name="P5">
				<text:span text:style-name="T3">Ruth Rotman ; Moshe Tur ; Lior Yaron</text:span>
			</text:p>			<text:p text:style-name="P8">
				<text:s text:c="2" />
				True Time Delay in Phased Arrays
				<text:tab />
				<text:span text:style-name="T1">3, 504</text:span>
			</text:p><text:p text:style-name="P5">
				<text:span text:style-name="T3">Jeffrey S. Herd ; M. David Conway</text:span>
			</text:p>			<text:p text:style-name="P8">
				<text:s text:c="2" />
				The Evolution to Modern Phased Array Architectures
				<text:tab />
				<text:span text:style-name="T1">3, 519</text:span>
			</text:p><text:p text:style-name="P5">
				<text:span text:style-name="T3">Salvador H. Talisa ; Kenneth W. O&apos;Haver ; Thomas M. Comberiate ; Matthew D. Sharp ; Oscar F. Somerlock</text:span>
			</text:p>			<text:p text:style-name="P8">
				<text:s text:c="2" />
				Benefits of Digital Phased Array Radars
				<text:tab />
				<text:span text:style-name="T1">3, 530</text:span>
			</text:p><text:p text:style-name="P5">
				<text:span text:style-name="T3">Paolo Rocca ; Giacomo Oliveri ; Robert J. Mailloux ; Andrea Massa</text:span>
			</text:p>			<text:p text:style-name="P8">
				<text:s text:c="2" />
				Unconventional Phased Array Architectures and Design Methodologies—A Review
				<text:tab />
				<text:span text:style-name="T1">3, 544</text:span>
			</text:p><text:p text:style-name="P5">
				<text:span text:style-name="T3">Harish Krishnaswamy ; Linxiao Zhang</text:span>
			</text:p>			<text:p text:style-name="P8">
				<text:s text:c="2" />
				Analog and RF Interference Mitigation for Integrated MIMO Receiver Arrays
				<text:tab />
				<text:span text:style-name="T1">3, 561</text:span>
			</text:p><text:p text:style-name="P5">
				<text:span text:style-name="T3">Luke Andrew Miller</text:span>
			</text:p>			<text:p text:style-name="P8">
				<text:s text:c="2" />
				The Role of FPGAs in the Push to Modern and Ubiquitous Arrays
				<text:tab />
				<text:span text:style-name="T1">3, 576</text:span>
			</text:p><text:p text:style-name="P5">
				<text:span text:style-name="T3">Antonio Puglielli ; Andrew Townley ; Greg LaCaille ; Vladimir Milovanović ; Pengpeng Lu ; Konstantin Trotskovsky ; Amy Whitcombe ; Nathan Narevsky ; Gregory Wright ; Thomas Courtade ; Elad Alon ; Borivoje Nikolić ; Ali M. Niknejad</text:span>
			</text:p>			<text:p text:style-name="P8">
				<text:s text:c="2" />
				Design of Energy- and Cost-Efficient Massive MIMO Arrays
				<text:tab />
				<text:span text:style-name="T1">3, 586</text:span>
			</text:p><text:p text:style-name="P5">
				<text:span text:style-name="T3">Karl F. Warnick ; Rob Maaskant ; Marianna V. Ivashina ; David Bruce Davidson ; Brian D. Jeffs</text:span>
			</text:p>			<text:p text:style-name="P8">
				<text:s text:c="2" />
				High-Sensitivity Phased Array Receivers for Radio Astronomy
				<text:tab />
				<text:span text:style-name="T1">3, 607</text:span>
			</text:p><text:p text:style-name="P5">
				<text:span text:style-name="T3">Patrick K. Bailleul</text:span>
			</text:p>			<text:p text:style-name="P8">
				<text:s text:c="2" />
				A New Era in Elemental Digital Beamforming for Spaceborne Communications Phased Arrays
				<text:tab />
				<text:span text:style-name="T1">3, 623</text:span>
			</text:p><text:p text:style-name="P5">
				<text:span text:style-name="T3">Ovidio Mario Bucci ; Lorenzo Crocco ; Rosa Scapaticci ; Gennaro Bellizzi</text:span>
			</text:p>			<text:p text:style-name="P8">
				<text:s text:c="2" />
				On the Design of Phased Arrays for Medical Applications
				<text:tab />
				<text:span text:style-name="T1">3, 633</text:span>
			</text:p><text:p text:style-name="P5">
				<text:span text:style-name="T3">Judson E. Stailey ; Kurt D. Hondl</text:span>
			</text:p>			<text:p text:style-name="P8">
				<text:s text:c="2" />
				Multifunction Phased Array Radar for Aircraft and Weather Surveillance
				<text:tab />
				<text:span text:style-name="T1">3, 649</text:span>
			</text:p><text:p text:style-name="P5">
				<text:span text:style-name="T3">Sebastián M. Torres ; Richard Adams ; Christopher D. Curtis ; Eddie Forren ; Douglas E. Forsyth ; Igor R. Ivić ; David Priegnitz ; John Thompson ; David A. Warde</text:span>
			</text:p>			<text:p text:style-name="P8">
				<text:s text:c="2" />
				Adaptive-Weather-Surveillance and Multifunction Capabilities of the National Weather Radar Testbed Phased Array Radar
				<text:tab />
				<text:span text:style-name="T1">3, 660</text:span>
			</text:p><text:p text:style-name="P5">
				<text:span text:style-name="T3">Mark Schubin</text:span>
			</text:p>			<text:p text:style-name="P8">
				<text:s text:c="2" />
				The fandom of the opera: how the audience for a centuries-old art form has incubated electrical and electronics technologies [scanning our past]
				<text:tab />
				<text:span text:style-name="T1">3, 673</text:span>
			</text:p>			<text:p text:style-name="P8">
				<text:s text:c="2" />
				Future Special Issues/Special Sections of the Proceedings
				<text:tab />
				<text:span text:style-name="T1">3, 683</text:span>
			</text:p>			<text:p text:style-name="P8">
				<text:s text:c="2" />
				Introducing IEEE Collabratec
				<text:tab />
				<text:span text:style-name="T1">3, 684</text:span>
			</text:p>			<text:p text:style-name="P8">
				<text:s text:c="2" />
				Front cover
				<text:tab />
				<text:span text:style-name="T1">3, C1</text:span>
			</text:p>			<text:p text:style-name="P8">
				<text:s text:c="2" />
				Proceedings of the IEEE publication information
				<text:tab />
				<text:span text:style-name="T1">3, C2</text:span>
			</text:p>			<text:p text:style-name="P8">
				<text:s text:c="2" />
				IEEE Global History Network
				<text:tab />
				<text:span text:style-name="T1">3, C3</text:span>
			</text:p>			<text:p text:style-name="P8">
				<text:s text:c="2" />
				Back cover
				<text:tab />
				<text:span text:style-name="T1">3, C4</text:span>
			</text:p><text:p text:style-name="Contents_20_1">
				<text:span text:style-name="T2">CONTROL CHALLENGES IN MICROGRIDS AND THE ROLE OF ENERGY-EFFICIENT BUILDINGS</text:span>
			</text:p>			<text:p text:style-name="P8">
				<text:s text:c="2" />
				Table of contents [control challenges in microgrids and the role of energy-efficient buildings]
				<text:tab />
				<text:span text:style-name="T1">4, 685</text:span>
			</text:p><text:p text:style-name="P5">
				<text:span text:style-name="T3">Wei Cai ; Ryan Shea ; Chun-Ying Huang ; Kuan-Ta Chen ; Jiangchuan Liu ; Victor C. M. Leung ; Cheng-Hsin Hsu</text:span>
			</text:p>			<text:p text:style-name="P8">
				<text:s text:c="2" />
				The Future of Cloud Gaming [Point of View]
				<text:tab />
				<text:span text:style-name="T1">4, 687</text:span>
			</text:p><text:p text:style-name="P5">
				<text:span text:style-name="T3">John Baillieul ; Michael C. Caramanis ; Marija D. Ilik</text:span>
			</text:p>			<text:p text:style-name="P8">
				<text:s text:c="2" />
				Control Challenges in Microgrids and the Role of Energy-Efficient Buildings [Scanning the Issue]
				<text:tab />
				<text:span text:style-name="T1">4, 692</text:span>
			</text:p><text:p text:style-name="P5">
				<text:span text:style-name="T3">Evan Mills</text:span>
			</text:p>			<text:p text:style-name="P8">
				<text:s text:c="2" />
				Action-Oriented Energy Benchmarking for Nonresidential Buildings
				<text:tab />
				<text:span text:style-name="T1">4, 697</text:span>
			</text:p><text:p text:style-name="P5">
				<text:span text:style-name="T3">Arno Schlueter ; Philipp Geyer ; Sasha Cisar</text:span>
			</text:p>			<text:p text:style-name="P8">
				<text:s text:c="2" />
				Analysis of Georeferenced Building Data for the Identification and Evaluation of Thermal Microgrids
				<text:tab />
				<text:span text:style-name="T1">4, 713</text:span>
			</text:p><text:p text:style-name="P5">
				<text:span text:style-name="T3">Tariq Samad ; Edward Koch ; Petr Stluka</text:span>
			</text:p>			<text:p text:style-name="P8">
				<text:s text:c="2" />
				Automated Demand Response for Smart Buildings and Microgrids: The State of the Practice and Research Challenges
				<text:tab />
				<text:span text:style-name="T1">4, 726</text:span>
			</text:p><text:p text:style-name="P5">
				<text:span text:style-name="T3">Ian Beil ; Ian Hiskens ; Scott Backhaus</text:span>
			</text:p>			<text:p text:style-name="P8">
				<text:s text:c="2" />
				Frequency Regulation From Commercial Building HVAC Demand Response
				<text:tab />
				<text:span text:style-name="T1">4, 745</text:span>
			</text:p><text:p text:style-name="P5">
				<text:span text:style-name="T3">Young-Jin Kim ; David H. Blum ; Nora Xu ; Leo Su ; Leslie K. Norford</text:span>
			</text:p>			<text:p text:style-name="P8">
				<text:s text:c="2" />
				Technologies and Magnitude of Ancillary Services Provided by Commercial Buildings
				<text:tab />
				<text:span text:style-name="T1">4, 758</text:span>
			</text:p><text:p text:style-name="P5">
				<text:span text:style-name="T3">Benjamin Biegel ; Palle Andersen ; Jakob Stoustrup ; Lars Henrik Hansen ; Anders Birke</text:span>
			</text:p>			<text:p text:style-name="P8">
				<text:s text:c="2" />
				Sustainable Reserve Power From Demand Response and Fluctuating Production—Two Danish Demonstrations
				<text:tab />
				<text:span text:style-name="T1">4, 780</text:span>
			</text:p><text:p text:style-name="P5">
				<text:span text:style-name="T3">Spyros Chatzivasileiadis ; Marco Bonvini ; Javier Matanza ; Rongxin Yin ; Thierry S. Nouidui ; Emre C. Kara ; Rajiv Parmar ; David Lorenzetti ; Michael Wetter ; Sila Kiliccote</text:span>
			</text:p>			<text:p text:style-name="P8">
				<text:s text:c="2" />
				Cyber–Physical Modeling of Distributed Resources for Distribution System Operations
				<text:tab />
				<text:span text:style-name="T1">4, 789</text:span>
			</text:p><text:p text:style-name="P5">
				<text:span text:style-name="T3">Michael Caramanis ; Elli Ntakou ; William W. Hogan ; Aranya Chakrabortty ; Jens Schoene</text:span>
			</text:p>			<text:p text:style-name="P8">
				<text:s text:c="2" />
				Co-Optimization of Power and Reserves in Dynamic T&amp;D Power Markets With Nondispatchable Renewable Generation and Distributed Energy Resources
				<text:tab />
				<text:span text:style-name="T1">4, 807</text:span>
			</text:p><text:p text:style-name="P5">
				<text:span text:style-name="T3">Bowen Zhang ; John Baillieul</text:span>
			</text:p>			<text:p text:style-name="P8">
				<text:s text:c="2" />
				Control and Communication Protocols Based on Packetized Direct Load Control in Smart Building Microgrids
				<text:tab />
				<text:span text:style-name="T1">4, 837</text:span>
			</text:p><text:p text:style-name="P5">
				<text:span text:style-name="T3">Jhi-Young Joo ; Marija D. Ilić</text:span>
			</text:p>			<text:p text:style-name="P8">
				<text:s text:c="2" />
				An Information Exchange Framework Utilizing Smart Buildings for Efficient Microgrid Operation
				<text:tab />
				<text:span text:style-name="T1">4, 858</text:span>
			</text:p><text:p text:style-name="P5">
				<text:span text:style-name="T3">Walid Saad ; Arnold L. Glass ; Narayan B. Mandayam ; H. Vincent Poor</text:span>
			</text:p>			<text:p text:style-name="P8">
				<text:s text:c="2" />
				Toward a Consumer-Centric Grid: A Behavioral Perspective
				<text:tab />
				<text:span text:style-name="T1">4, 865</text:span>
			</text:p><text:p text:style-name="P5">
				<text:span text:style-name="T3">Mike Gruntman</text:span>
			</text:p>			<text:p text:style-name="P8">
				<text:s text:c="2" />
				Intercept 1961: From Air Defense SA-1 to Missile Defense System A [Scanning our Past]
				<text:tab />
				<text:span text:style-name="T1">4, 883</text:span>
			</text:p>			<text:p text:style-name="P8">
				<text:s text:c="2" />
				Future Special Issues/Special Sections of the Proceedings
				<text:tab />
				<text:span text:style-name="T1">4, 891</text:span>
			</text:p>			<text:p text:style-name="P8">
				<text:s text:c="2" />
				Introducing IEEE Collabratec
				<text:tab />
				<text:span text:style-name="T1">4, 892</text:span>
			</text:p>			<text:p text:style-name="P8">
				<text:s text:c="2" />
				Front cover
				<text:tab />
				<text:span text:style-name="T1">4, C1</text:span>
			</text:p>			<text:p text:style-name="P8">
				<text:s text:c="2" />
				Proceedings of the IEEE publication information
				<text:tab />
				<text:span text:style-name="T1">4, C2</text:span>
			</text:p>			<text:p text:style-name="P8">
				<text:s text:c="2" />
				IEEE Global History Network
				<text:tab />
				<text:span text:style-name="T1">4, C3</text:span>
			</text:p>			<text:p text:style-name="P8">
				<text:s text:c="2" />
				Back cover
				<text:tab />
				<text:span text:style-name="T1">4, C4</text:span>
			</text:p><text:p text:style-name="Contents_20_1">
				<text:span text:style-name="T2">INDUSTRIAL CYBER–PHYSICAL SYSTEMS</text:span>
			</text:p>			<text:p text:style-name="P8">
				<text:s text:c="2" />
				Table of Contents [Industrial Cyber–Physical Systems]
				<text:tab />
				<text:span text:style-name="T1">5, 893</text:span>
			</text:p><text:p text:style-name="P5">
				<text:span text:style-name="T3">Scott Schober</text:span>
			</text:p>			<text:p text:style-name="P8">
				<text:s text:c="2" />
				Technology Versus Privacy Issues in Preventing Distracted Driver Accidents [Point of View]
				<text:tab />
				<text:span text:style-name="T1">5, 896</text:span>
			</text:p><text:p text:style-name="P5">
				<text:span text:style-name="T3">Armando W. Colombo ; Stamatis Karnouskos ; Yang Shi ; Shen Yin ; Okyay Kaynak</text:span>
			</text:p>			<text:p text:style-name="P8">
				<text:s text:c="2" />
				Industrial Cyber–Physical Systems [Scanning the Issue]
				<text:tab />
				<text:span text:style-name="T1">5, 899</text:span>
			</text:p><text:p text:style-name="P5">
				<text:span text:style-name="T3">Indranil Saha ; Suman Roy ; S. Ramesh</text:span>
			</text:p>			<text:p text:style-name="P8">
				<text:s text:c="2" />
				Formal Verification of Fault-Tolerant Startup Algorithms for Time-Triggered Architectures: A Survey
				<text:tab />
				<text:span text:style-name="T1">5, 904</text:span>
			</text:p><text:p text:style-name="P5">
				<text:span text:style-name="T3">Jianguo Yao ; Xin Xu ; Xue Liu</text:span>
			</text:p>			<text:p text:style-name="P8">
				<text:s text:c="2" />
				MixCPS: Mixed Time/Event-Triggered Architecture of Cyber–Physical Systems
				<text:tab />
				<text:span text:style-name="T1">5, 923</text:span>
			</text:p><text:p text:style-name="P5">
				<text:span text:style-name="T3">Michael W. Condry ; Catherine Blackadar Nelson</text:span>
			</text:p>			<text:p text:style-name="P8">
				<text:s text:c="2" />
				Using Smart Edge IoT Devices for Safer, Rapid Response With Industry IoT Control Operations
				<text:tab />
				<text:span text:style-name="T1">5, 938</text:span>
			</text:p><text:p text:style-name="P5">
				<text:span text:style-name="T3">Thomas Bangemann ; Matthias Riedl ; Mario Thron ; Christian Diedrich</text:span>
			</text:p>			<text:p text:style-name="P8">
				<text:s text:c="2" />
				Integration of Classical Components Into Industrial Cyber–Physical Systems
				<text:tab />
				<text:span text:style-name="T1">5, 947</text:span>
			</text:p><text:p text:style-name="P5">
				<text:span text:style-name="T3">Stavros Tripakis</text:span>
			</text:p>			<text:p text:style-name="P8">
				<text:s text:c="2" />
				Compositionality in the Science of System Design
				<text:tab />
				<text:span text:style-name="T1">5, 960</text:span>
			</text:p><text:p text:style-name="P5">
				<text:span text:style-name="T3">Robert Harrison ; Daniel Vera ; Bilal Ahmad</text:span>
			</text:p>			<text:p text:style-name="P8">
				<text:s text:c="2" />
				Engineering Methods and Tools for Cyber–Physical Automation Systems
				<text:tab />
				<text:span text:style-name="T1">5, 973</text:span>
			</text:p><text:p text:style-name="P5">
				<text:span text:style-name="T3">Thies Pfeiffer ; Jens Hellmers ; Eva-Maria Schön ; Jörg Thomaschewski</text:span>
			</text:p>			<text:p text:style-name="P8">
				<text:s text:c="2" />
				Empowering User Interfaces for Industrie 4.0
				<text:tab />
				<text:span text:style-name="T1">5, 986</text:span>
			</text:p><text:p text:style-name="P5">
				<text:span text:style-name="T3">Ilge Akkaya ; Patricia Derler ; Shuhei Emoto ; Edward A. Lee</text:span>
			</text:p>			<text:p text:style-name="P8">
				<text:s text:c="2" />
				Systems Engineering for Industrial Cyber–Physical Systems Using Aspects
				<text:tab />
				<text:span text:style-name="T1">5, 997</text:span>
			</text:p><text:p text:style-name="P5">
				<text:span text:style-name="T3">Chenyang Lu ; Abusayeed Saifullah ; Bo Li ; Mo Sha ; Humberto Gonzalez ; Dolvara Gunatilaka ; Chengjie Wu ; Lanshun Nie ; Yixin Chen</text:span>
			</text:p>			<text:p text:style-name="P8">
				<text:s text:c="2" />
				Real-Time Wireless Sensor-Actuator Networks for Industrial Cyber-Physical Systems
				<text:tab />
				<text:span text:style-name="T1">5, 1013</text:span>
			</text:p><text:p text:style-name="P5">
				<text:span text:style-name="T3">Thomas Watteyne ; Vlado Handziski ; Xavier Vilajosana ; Simon Duquennoy ; Oliver Hahm ; Emmanuel Baccelli ; Adam Wolisz</text:span>
			</text:p>			<text:p text:style-name="P8">
				<text:s text:c="2" />
				Industrial Wireless IP-Based Cyber –Physical Systems
				<text:tab />
				<text:span text:style-name="T1">5, 1025</text:span>
			</text:p><text:p text:style-name="P5">
				<text:span text:style-name="T3">Stephen McLaughlin ; Charalambos Konstantinou ; Xueyang Wang ; Lucas Davi ; Ahmad-Reza Sadeghi ; Michail Maniatakos ; Ramesh Karri</text:span>
			</text:p>			<text:p text:style-name="P8">
				<text:s text:c="2" />
				The Cybersecurity Landscape in Industrial Control Systems
				<text:tab />
				<text:span text:style-name="T1">5, 1039</text:span>
			</text:p><text:p text:style-name="P5">
				<text:span text:style-name="T3">Xinghuo Yu ; Yusheng Xue</text:span>
			</text:p>			<text:p text:style-name="P8">
				<text:s text:c="2" />
				Smart Grids: A Cyber–Physical Systems Perspective
				<text:tab />
				<text:span text:style-name="T1">5, 1058</text:span>
			</text:p><text:p text:style-name="P5">
				<text:span text:style-name="T3">Mingxi Liu ; Yang Shi ; Huijun Gao</text:span>
			</text:p>			<text:p text:style-name="P8">
				<text:s text:c="2" />
				Aggregation and Charging Control of PHEVs in Smart Grid: A Cyber–Physical Perspective
				<text:tab />
				<text:span text:style-name="T1">5, 1071</text:span>
			</text:p><text:p text:style-name="P5">
				<text:span text:style-name="T3">Paulo Leitão ; Stamatis Karnouskos ; Luis Ribeiro ; Jay Lee ; Thomas Strasser ; Armando W. Colombo</text:span>
			</text:p>			<text:p text:style-name="P8">
				<text:s text:c="2" />
				Smart Agents in Industrial Cyber–Physical Systems
				<text:tab />
				<text:span text:style-name="T1">5, 1086</text:span>
			</text:p><text:p text:style-name="P5">
				<text:span text:style-name="T3">Ren C. Luo ; Chia-Wen Kuo</text:span>
			</text:p>			<text:p text:style-name="P8">
				<text:s text:c="2" />
				Intelligent Seven-DoF Robot With Dynamic Obstacle Avoidance and 3-D Object Recognition for Industrial Cyber–Physical Systems in Manufacturing Automation
				<text:tab />
				<text:span text:style-name="T1">5, 1102</text:span>
			</text:p><text:p text:style-name="P5">
				<text:span text:style-name="T3">Volker Krueger ; Arnaud Chazoule ; Matthew Crosby ; Antoine Lasnier ; Mikkel Rath Pedersen ; Francesco Rovida ; Lazaros Nalpantidis ; Ronald Petrick ; César Toscano ; Germano Veiga</text:span>
			</text:p>			<text:p text:style-name="P8">
				<text:s text:c="2" />
				A Vertical and Cyber–Physical Integration of Cognitive Robots in Manufacturing
				<text:tab />
				<text:span text:style-name="T1">5, 1114</text:span>
			</text:p><text:p text:style-name="P5">
				<text:span text:style-name="T3">Bart Besselink ; Valerio Turri ; Sebastian H. van de Hoef ; Kuo-Yun Liang ; Assad Alam ; Jonas Mårtensson ; Karl H. Johansson</text:span>
			</text:p>			<text:p text:style-name="P8">
				<text:s text:c="2" />
				Cyber–Physical Control of Road Freight Transport
				<text:tab />
				<text:span text:style-name="T1">5, 1128</text:span>
			</text:p><text:p text:style-name="P5">
				<text:span text:style-name="T3">Sergii Iarovyi ; Wael M. Mohammed ; Andrei Lobov ; Borja Ramis Ferrer ; Jose L. Martinez Lastra</text:span>
			</text:p>			<text:p text:style-name="P8">
				<text:s text:c="2" />
				Cyber–Physical Systems for Open-Knowledge-Driven Manufacturing Execution Systems
				<text:tab />
				<text:span text:style-name="T1">5, 1142</text:span>
			</text:p><text:p text:style-name="P5">
				<text:span text:style-name="T3">Richard Williams</text:span>
			</text:p>			<text:p text:style-name="P8">
				<text:s text:c="2" />
				Amedeo Avogadro and His Number [Scanning our Past]
				<text:tab />
				<text:span text:style-name="T1">5, 1155</text:span>
			</text:p>			<text:p text:style-name="P8">
				<text:s text:c="2" />
				Future Special Issues/Special Sections of the Proceedings
				<text:tab />
				<text:span text:style-name="T1">5, 1159</text:span>
			</text:p>			<text:p text:style-name="P8">
				<text:s text:c="2" />
				Front cover
				<text:tab />
				<text:span text:style-name="T1">5, C1</text:span>
			</text:p>			<text:p text:style-name="P8">
				<text:s text:c="2" />
				Proceedings of the IEEE publication information
				<text:tab />
				<text:span text:style-name="T1">5, C2</text:span>
			</text:p><text:p text:style-name="Contents_20_1">
				<text:span text:style-name="T2">VULNERABILITIES, THREATS, AND AUTHENTICATION IN SATELLITE-BASED NAVIGATION SYSTEMS</text:span>
			</text:p>			<text:p text:style-name="P8">
				<text:s text:c="2" />
				Tanle of contents [vulnerabilities, threats, and authentication in satellite-based navigation systems]
				<text:tab />
				<text:span text:style-name="T1">6, 1161</text:span>
			</text:p><text:p text:style-name="P5">
				<text:span text:style-name="T3">Jeffrey Reed ; Marius Vassiliou ; Syed Shah</text:span>
			</text:p>			<text:p text:style-name="P8">
				<text:s text:c="2" />
				The Role of New Technologies in Solving the Spectrum Shortage [Point of View]
				<text:tab />
				<text:span text:style-name="T1">6, 1163</text:span>
			</text:p><text:p text:style-name="P5">
				<text:span text:style-name="T3">Moeness G. Amin ; Pau Closas ; Ali Broumandan ; John L. Volakis</text:span>
			</text:p>			<text:p text:style-name="P8">
				<text:s text:c="2" />
				Vulnerabilities, threats, and authentication in satellite-based navigation systems [scanning the issue]
				<text:tab />
				<text:span text:style-name="T1">6, 1169</text:span>
			</text:p><text:p text:style-name="P5">
				<text:span text:style-name="T3">Rigas Themistoklis Ioannides ; Thomas Pany ; Glen Gibbons</text:span>
			</text:p>			<text:p text:style-name="P8">
				<text:s text:c="2" />
				Known Vulnerabilities of Global Navigation Satellite Systems, Status, and Potential Mitigation Techniques
				<text:tab />
				<text:span text:style-name="T1">6, 1174</text:span>
			</text:p><text:p text:style-name="P5">
				<text:span text:style-name="T3">Inder J. Gupta ; Ira M. Weiss ; Allen W. Morrison</text:span>
			</text:p>			<text:p text:style-name="P8">
				<text:s text:c="2" />
				Desired Features of Adaptive Antenna Arrays for GNSS Receivers
				<text:tab />
				<text:span text:style-name="T1">6, 1195</text:span>
			</text:p><text:p text:style-name="P5">
				<text:span text:style-name="T3">Carles Fernández-Prades ; Javier Arribas ; Pau Closas</text:span>
			</text:p>			<text:p text:style-name="P8">
				<text:s text:c="2" />
				Robust GNSS Receivers by Array Signal Processing: Theory and Implementation
				<text:tab />
				<text:span text:style-name="T1">6, 1207</text:span>
			</text:p><text:p text:style-name="P5">
				<text:span text:style-name="T3">John L. Volakis ; Andrew J. O&apos;Brien ; Chi-Chih Chen</text:span>
			</text:p>			<text:p text:style-name="P8">
				<text:s text:c="2" />
				Small and Adaptive Antennas and Arrays for GNSS Applications
				<text:tab />
				<text:span text:style-name="T1">6, 1221</text:span>
			</text:p><text:p text:style-name="P5">
				<text:span text:style-name="T3">Daniele Borio ; Fabio Dovis ; Heidi Kuusniemi ; Letizia Lo Presti</text:span>
			</text:p>			<text:p text:style-name="P8">
				<text:s text:c="2" />
				Impact and Detection of GNSS Jammers on Consumer Grade Satellite Navigation Receivers
				<text:tab />
				<text:span text:style-name="T1">6, 1233</text:span>
			</text:p><text:p text:style-name="P5">
				<text:span text:style-name="T3">Ali Broumandan ; Ali Jafarnia-Jahromi ; Saeed Daneshmand ; Gérard Lachapelle</text:span>
			</text:p>			<text:p text:style-name="P8">
				<text:s text:c="2" />
				Overview of Spatial Processing Approaches for GNSS Structural Interference Detection and Mitigation
				<text:tab />
				<text:span text:style-name="T1">6, 1246</text:span>
			</text:p><text:p text:style-name="P5">
				<text:span text:style-name="T3">Mark L. Psiaki ; Todd E. Humphreys</text:span>
			</text:p>			<text:p text:style-name="P8">
				<text:s text:c="2" />
				GNSS Spoofing and Detection
				<text:tab />
				<text:span text:style-name="T1">6, 1258</text:span>
			</text:p><text:p text:style-name="P5">
				<text:span text:style-name="T3">James T. Curran ; Monica Navarro ; Marco Anghileri ; Pau Closas ; Stephan Pfletschinger</text:span>
			</text:p>			<text:p text:style-name="P8">
				<text:s text:c="2" />
				Coding Aspects of Secure GNSS Receivers
				<text:tab />
				<text:span text:style-name="T1">6, 1271</text:span>
			</text:p><text:p text:style-name="P5">
				<text:span text:style-name="T3">Manuel Cuntz ; Andriy Konovaltsev ; Michael Meurer</text:span>
			</text:p>			<text:p text:style-name="P8">
				<text:s text:c="2" />
				Concepts, Development, and Validation of Multiantenna GNSS Receivers for Resilient Navigation
				<text:tab />
				<text:span text:style-name="T1">6, 1288</text:span>
			</text:p><text:p text:style-name="P5">
				<text:span text:style-name="T3">Moeness G. Amin ; Xiangrong Wang ; Yimin D. Zhang ; Fauzia Ahmad ; Elias Aboutanios</text:span>
			</text:p>			<text:p text:style-name="P8">
				<text:s text:c="2" />
				Sparse Arrays and Sampling for Interference Mitigation and DOA Estimation in GNSS
				<text:tab />
				<text:span text:style-name="T1">6, 1302</text:span>
			</text:p><text:p text:style-name="P5">
				<text:span text:style-name="T3">Andrew G. Dempster ; Ediz Cetin</text:span>
			</text:p>			<text:p text:style-name="P8">
				<text:s text:c="2" />
				Interference Localization for Satellite Navigation Systems
				<text:tab />
				<text:span text:style-name="T1">6, 1318</text:span>
			</text:p><text:p text:style-name="P5">
				<text:span text:style-name="T3">Grace Xingxin Gao ; Matteo Sgammini ; Mingquan Lu ; Nobuaki Kubo</text:span>
			</text:p>			<text:p text:style-name="P8">
				<text:s text:c="2" />
				Protecting GNSS Receivers From Jamming and Interference
				<text:tab />
				<text:span text:style-name="T1">6, 1327</text:span>
			</text:p><text:p text:style-name="P5">
				<text:span text:style-name="T3">Dorota A. Grejner-Brzezinska ; Charles K. Toth ; Terry Moore ; John F. Raquet ; Mikel M. Miller ; Allison Kealy</text:span>
			</text:p>			<text:p text:style-name="P8">
				<text:s text:c="2" />
				Multisensor Navigation Systems: A Remedy for GNSS Vulnerabilities?
				<text:tab />
				<text:span text:style-name="T1">6, 1339</text:span>
			</text:p><text:p text:style-name="P5">
				<text:span text:style-name="T3">John Vardalas</text:span>
			</text:p>			<text:p text:style-name="P8">
				<text:s text:c="2" />
				Robert A. Millikan: measuring the controversies of an electron’s charge [scanning our past]
				<text:tab />
				<text:span text:style-name="T1">6, 1354</text:span>
			</text:p>			<text:p text:style-name="P8">
				<text:s text:c="2" />
				Future Special Issues/Special Sections of the Proceedings
				<text:tab />
				<text:span text:style-name="T1">6, 1360</text:span>
			</text:p>			<text:p text:style-name="P8">
				<text:s text:c="2" />
				Front cover
				<text:tab />
				<text:span text:style-name="T1">6, C1</text:span>
			</text:p>			<text:p text:style-name="P8">
				<text:s text:c="2" />
				Proceedings of the IEEE publication information
				<text:tab />
				<text:span text:style-name="T1">6, C2</text:span>
			</text:p>			<text:p text:style-name="P8">
				<text:s text:c="2" />
				IEEE Global History Network
				<text:tab />
				<text:span text:style-name="T1">6, C3</text:span>
			</text:p>			<text:p text:style-name="P8">
				<text:s text:c="2" />
				Back cover
				<text:tab />
				<text:span text:style-name="T1">6, C4</text:span>
			</text:p><text:p text:style-name="Contents_20_1">
				<text:span text:style-name="T2">POINT OF VIEW</text:span>
			</text:p>			<text:p text:style-name="P8">
				<text:s text:c="2" />
				Table of Contents
				<text:tab />
				<text:span text:style-name="T1">7, 1361</text:span>
			</text:p><text:p text:style-name="P5">
				<text:span text:style-name="T3">Roberto Sorrentino ; Oscar A. Peverini</text:span>
			</text:p>			<text:p text:style-name="P8">
				<text:s text:c="2" />
				Additive manufacturing: a key enabling technology for next-generation microwave and millimeter-wave systems [point of view]
				<text:tab />
				<text:span text:style-name="T1">7, 1362</text:span>
			</text:p><text:p text:style-name="P5">
				<text:span text:style-name="T3">R. Sorrentino ; O. A. Peverini</text:span>
			</text:p>			<text:p text:style-name="P8">
				<text:s text:c="2" />
				Scanning the Issue
				<text:tab />
				<text:span text:style-name="T1">7, 1367</text:span>
			</text:p><text:p text:style-name="P5">
				<text:span text:style-name="T3">Zhongshan Zhang ; Keping Long ; Athanasios V. Vasilakos ; Lajos Hanzo</text:span>
			</text:p>			<text:p text:style-name="P8">
				<text:s text:c="2" />
				Full-Duplex Wireless Communications: Challenges, Solutions, and Future Research Directions
				<text:tab />
				<text:span text:style-name="T1">7, 1369</text:span>
			</text:p><text:p text:style-name="P5">
				<text:span text:style-name="T3">Abbas Rahimi ; Luca Benini ; Rajesh K. Gupta</text:span>
			</text:p>			<text:p text:style-name="P8">
				<text:s text:c="2" />
				Variability Mitigation in Nanometer CMOS Integrated Systems: A Survey of Techniques From Circuits to Software
				<text:tab />
				<text:span text:style-name="T1">7, 1410</text:span>
			</text:p><text:p text:style-name="P5">
				<text:span text:style-name="T3">Xuanyao Fong ; Yusung Kim ; Rangharajan Venkatesan ; Sri Harsha Choday ; Anand Raghunathan ; Kaushik Roy</text:span>
			</text:p>			<text:p text:style-name="P8">
				<text:s text:c="2" />
				Spin-Transfer Torque Memories: Devices, Circuits, and Systems
				<text:tab />
				<text:span text:style-name="T1">7, 1449</text:span>
			</text:p><text:p text:style-name="P5">
				<text:span text:style-name="T3">Beverley F. Ronalds</text:span>
			</text:p>			<text:p text:style-name="P8">
				<text:s text:c="2" />
				Francis Ronalds (1788–1873): The First Electrical Engineer? [Scanning Our Past]
				<text:tab />
				<text:span text:style-name="T1">7, 1489</text:span>
			</text:p>			<text:p text:style-name="P8">
				<text:s text:c="2" />
				Future Special Issues/Special Sections of the Proceedings
				<text:tab />
				<text:span text:style-name="T1">7, 1500</text:span>
			</text:p><text:p text:style-name="P5">
				<text:span text:style-name="T3">Ken-ichi Uchida ; Hiroto Adachi ; Takashi Kikkawa ; Akihiro Kirihara ; Masahiko Ishida ; Shinichi Yorozu ; Sadamichi Maekawa ; Eiji Saitoh</text:span>
			</text:p>			<text:p text:style-name="P8">
				<text:s text:c="2" />
				Corrections to “Thermoelectric Generation Based on Spin Seebeck Effects” [DOI: 10.1109/JPROC.2016.2535167]
				<text:tab />
				<text:span text:style-name="T1">7, 1499 Cited by: </text:span>
			</text:p>			<text:p text:style-name="P8">
				<text:s text:c="2" />
				Front cover
				<text:tab />
				<text:span text:style-name="T1">7, C1</text:span>
			</text:p>			<text:p text:style-name="P8">
				<text:s text:c="2" />
				Proceedings of the IEEE publication information
				<text:tab />
				<text:span text:style-name="T1">7, C2</text:span>
			</text:p>			<text:p text:style-name="P8">
				<text:s text:c="2" />
				IEEE Global History Network
				<text:tab />
				<text:span text:style-name="T1">7, C3</text:span>
			</text:p>			<text:p text:style-name="P8">
				<text:s text:c="2" />
				Back cover
				<text:tab />
				<text:span text:style-name="T1">7, C4</text:span>
			</text:p><text:p text:style-name="Contents_20_1">
				<text:span text:style-name="T2">STRUCTURAL HEALTH MONITORING: TECHNOLOGICAL ADVANCES TO PRACTICAL IMPLEMENTATIONS</text:span>
			</text:p>			<text:p text:style-name="P8">
				<text:s text:c="2" />
				Table of contents [structural health monitoring: technological advances to practical implementations]
				<text:tab />
				<text:span text:style-name="T1">8, 1501</text:span>
			</text:p><text:p text:style-name="P5">
				<text:span text:style-name="T3">Arokia Nathan ; Shuo Gao</text:span>
			</text:p>			<text:p text:style-name="P8">
				<text:s text:c="2" />
				Interactive Displays: The Next Omnipresent Technology [Point of View]
				<text:tab />
				<text:span text:style-name="T1">8, 1503</text:span>
			</text:p><text:p text:style-name="P5">
				<text:span text:style-name="T3">Jerome P. Lynch ; Charles R. Farrar ; Jennifer E. Michaels</text:span>
			</text:p>			<text:p text:style-name="P8">
				<text:s text:c="2" />
				Structural health monitoring: technological advances to practical implementations [scanning the issue]
				<text:tab />
				<text:span text:style-name="T1">8, 1508</text:span>
			</text:p><text:p text:style-name="P5">
				<text:span text:style-name="T3">Branko Glišić ; Yao Yao ; Shue-Ting E. Tung ; Sigurd Wagner ; James C. Sturm ; Naveen Verma</text:span>
			</text:p>			<text:p text:style-name="P8">
				<text:s text:c="2" />
				Strain Sensing Sheets for Structural Health Monitoring Based on Large-Area Electronics and Integrated Circuits
				<text:tab />
				<text:span text:style-name="T1">8, 1513</text:span>
			</text:p><text:p text:style-name="P5">
				<text:span text:style-name="T3">Yoonmyung Lee ; David Blaauw ; Dennis Sylvester</text:span>
			</text:p>			<text:p text:style-name="P8">
				<text:s text:c="2" />
				Ultralow Power Circuit Design for Wireless Sensor Nodes for Structural Health Monitoring
				<text:tab />
				<text:span text:style-name="T1">8, 1529</text:span>
			</text:p><text:p text:style-name="P5">
				<text:span text:style-name="T3">Jesus G. Gonzalez ; Sumit Gupta ; Kenneth J. Loh</text:span>
			</text:p>			<text:p text:style-name="P8">
				<text:s text:c="2" />
				Multifunctional Cement Composites Enhanced With Carbon Nanotube Thin Film Interfaces
				<text:tab />
				<text:span text:style-name="T1">8, 1547</text:span>
			</text:p><text:p text:style-name="P5">
				<text:span text:style-name="T3">Neil A. Hoult ; Michael Dutton ; Adam Hoag ; W. Andy Take</text:span>
			</text:p>			<text:p text:style-name="P8">
				<text:s text:c="2" />
				Measuring Crack Movement in Reinforced Concrete Using Digital Image Correlation: Overview and Application to Shear Slip Measurements
				<text:tab />
				<text:span text:style-name="T1">8, 1561</text:span>
			</text:p><text:p text:style-name="P5">
				<text:span text:style-name="T3">M. Gobbato ; J. P. Conte ; J. B. Kosmatka</text:span>
			</text:p>			<text:p text:style-name="P8">
				<text:s text:c="2" />
				Statistical Performance Assessment of an NDE-Based SHM-DP Methodology for the Remaining Fatigue Life Prediction of Monitored Structural Components and Systems
				<text:tab />
				<text:span text:style-name="T1">8, 1575</text:span>
			</text:p><text:p text:style-name="P5">
				<text:span text:style-name="T3">Keith Worden ; Tara Baldacchino ; Jennifer Rowson ; Elizabeth J. Cross</text:span>
			</text:p>			<text:p text:style-name="P8">
				<text:s text:c="2" />
				Some Recent Developments in SHM Based on Nonstationary Time Series Analysis
				<text:tab />
				<text:span text:style-name="T1">8, 1589</text:span>
			</text:p><text:p text:style-name="P5">
				<text:span text:style-name="T3">Joel B. Harley</text:span>
			</text:p>			<text:p text:style-name="P8">
				<text:s text:c="2" />
				Predictive Guided Wave Models Through Sparse Modal Representations
				<text:tab />
				<text:span text:style-name="T1">8, 1604</text:span>
			</text:p><text:p text:style-name="P5">
				<text:span text:style-name="T3">Jacob Dobson ; Peter Cawley</text:span>
			</text:p>			<text:p text:style-name="P8">
				<text:s text:c="2" />
				Independent Component Analysis for Improved Defect Detection in Guided Wave Monitoring
				<text:tab />
				<text:span text:style-name="T1">8, 1620</text:span>
			</text:p><text:p text:style-name="P5">
				<text:span text:style-name="T3">Moritz W. Häckell ; Raimund Rolfes ; Michael B. Kane ; Jerome P. Lynch</text:span>
			</text:p>			<text:p text:style-name="P8">
				<text:s text:c="2" />
				Three-Tier Modular Structural Health Monitoring Framework Using Environmental and Operational Condition Clustering for Data Normalization: Validation on an Operational Wind Turbine System
				<text:tab />
				<text:span text:style-name="T1">8, 1632</text:span>
			</text:p><text:p text:style-name="P5">
				<text:span text:style-name="T3">Carlo Cappello ; Daniele Zonta ; Branko Glišić</text:span>
			</text:p>			<text:p text:style-name="P8">
				<text:s text:c="2" />
				Expected Utility Theory for Monitoring-Based Decision-Making
				<text:tab />
				<text:span text:style-name="T1">8, 1647</text:span>
			</text:p><text:p text:style-name="P5">
				<text:span text:style-name="T3">Alexander B. Magoun</text:span>
			</text:p>			<text:p text:style-name="P8">
				<text:s text:c="2" />
				What the Public Knew About Wireless Before Titanic [Scanning Our Past]
				<text:tab />
				<text:span text:style-name="T1">8, 1662</text:span>
			</text:p>			<text:p text:style-name="P8">
				<text:s text:c="2" />
				Future Special Issues/Special Sections of the Proceedings
				<text:tab />
				<text:span text:style-name="T1">8, 1669</text:span>
			</text:p>			<text:p text:style-name="P8">
				<text:s text:c="2" />
				IEEE Access
				<text:tab />
				<text:span text:style-name="T1">8, 1670</text:span>
			</text:p>			<text:p text:style-name="P8">
				<text:s text:c="2" />
				Open Access
				<text:tab />
				<text:span text:style-name="T1">8, 1671</text:span>
			</text:p>			<text:p text:style-name="P8">
				<text:s text:c="2" />
				how can you get your idea to market first
				<text:tab />
				<text:span text:style-name="T1">8, 1672</text:span>
			</text:p>			<text:p text:style-name="P8">
				<text:s text:c="2" />
				Front Cover
				<text:tab />
				<text:span text:style-name="T1">8, C1</text:span>
			</text:p>			<text:p text:style-name="P8">
				<text:s text:c="2" />
				Proceedings of the IEEE publication information
				<text:tab />
				<text:span text:style-name="T1">8, C2</text:span>
			</text:p>			<text:p text:style-name="P8">
				<text:s text:c="2" />
				IEEE Global History Network
				<text:tab />
				<text:span text:style-name="T1">8, C3</text:span>
			</text:p>			<text:p text:style-name="P8">
				<text:s text:c="2" />
				Back Cover
				<text:tab />
				<text:span text:style-name="T1">8, C4</text:span>
			</text:p><text:p text:style-name="Contents_20_1">
				<text:span text:style-name="T2">POINT OF VIEW9</text:span>
			</text:p>			<text:p text:style-name="P8">
				<text:s text:c="2" />
				Table of Contents
				<text:tab />
				<text:span text:style-name="T1">9, 1673</text:span>
			</text:p><text:p text:style-name="P5">
				<text:span text:style-name="T3">Sveinn Valfells ; Jón Helgi Egilsson</text:span>
			</text:p>			<text:p text:style-name="P8">
				<text:s text:c="2" />
				Minting Money With Megawatts [Point of View]
				<text:tab />
				<text:span text:style-name="T1">9, 1674</text:span>
			</text:p>			<text:p text:style-name="P8">
				<text:s text:c="2" />
				Scanning the Issue
				<text:tab />
				<text:span text:style-name="T1">9, 1679</text:span>
			</text:p><text:p text:style-name="P5">
				<text:span text:style-name="T3">Wen Xia ; Hong Jiang ; Dan Feng ; Fred Douglis ; Philip Shilane ; Yu Hua ; Min Fu ; Yucheng Zhang ; Yukun Zhou</text:span>
			</text:p>			<text:p text:style-name="P8">
				<text:s text:c="2" />
				A Comprehensive Study of the Past, Present, and Future of Data Deduplication
				<text:tab />
				<text:span text:style-name="T1">9, 1681</text:span>
			</text:p><text:p text:style-name="P5">
				<text:span text:style-name="T3">Giuseppe Durisi ; Tobias Koch ; Petar Popovski</text:span>
			</text:p>			<text:p text:style-name="P8">
				<text:s text:c="2" />
				Toward Massive, Ultrareliable, and Low-Latency Wireless Communication With Short Packets
				<text:tab />
				<text:span text:style-name="T1">9, 1711</text:span>
			</text:p><text:p text:style-name="P5">
				<text:span text:style-name="T3">Yulong Zou ; Jia Zhu ; Xianbin Wang ; Lajos Hanzo</text:span>
			</text:p>			<text:p text:style-name="P8">
				<text:s text:c="2" />
				A Survey on Wireless Security: Technical Challenges, Recent Advances, and Future Trends
				<text:tab />
				<text:span text:style-name="T1">9, 1727</text:span>
			</text:p><text:p text:style-name="P5">
				<text:span text:style-name="T3">Jordi Ferran Boleda</text:span>
			</text:p>			<text:p text:style-name="P8">
				<text:s text:c="2" />
				Light and water in the 1929 barcelona exhibition: fighting for the recognition of spectacle authorship [scanning our past]
				<text:tab />
				<text:span text:style-name="T1">9, 1766</text:span>
			</text:p>			<text:p text:style-name="P8">
				<text:s text:c="2" />
				Future Special Issues/Special Sections of the Proceedings
				<text:tab />
				<text:span text:style-name="T1">9, 1774</text:span>
			</text:p>			<text:p text:style-name="P8">
				<text:s text:c="2" />
				IEEE Access
				<text:tab />
				<text:span text:style-name="T1">9, 1775</text:span>
			</text:p>			<text:p text:style-name="P8">
				<text:s text:c="2" />
				Imagine a community hopeful for the future
				<text:tab />
				<text:span text:style-name="T1">9, 1776</text:span>
			</text:p>			<text:p text:style-name="P8">
				<text:s text:c="2" />
				Front Cover
				<text:tab />
				<text:span text:style-name="T1">9, C1</text:span>
			</text:p>			<text:p text:style-name="P8">
				<text:s text:c="2" />
				Proceedings of the IEEE publication information
				<text:tab />
				<text:span text:style-name="T1">9, C2</text:span>
			</text:p>			<text:p text:style-name="P8">
				<text:s text:c="2" />
				IEEE Global History Network
				<text:tab />
				<text:span text:style-name="T1">9, C3</text:span>
			</text:p>			<text:p text:style-name="P8">
				<text:s text:c="2" />
				Back Cover
				<text:tab />
				<text:span text:style-name="T1">9, C4</text:span>
			</text:p><text:p text:style-name="Contents_20_1">
				<text:span text:style-name="T2">SPINTRONICS</text:span>
			</text:p>			<text:p text:style-name="P8">
				<text:s text:c="2" />
				Table of Contents [Spintronics]
				<text:tab />
				<text:span text:style-name="T1">10, 1777</text:span>
			</text:p><text:p text:style-name="P5">
				<text:span text:style-name="T3">Ronald C. Arkin</text:span>
			</text:p>			<text:p text:style-name="P8">
				<text:s text:c="2" />
				Ethics and Autonomous Systems: Perils and Promises [Point of View]
				<text:tab />
				<text:span text:style-name="T1">10, 1779</text:span>
			</text:p><text:p text:style-name="P5">
				<text:span text:style-name="T3">Hideo Ohno ; Mark D. Stiles ; Bernard Dieny</text:span>
			</text:p>			<text:p text:style-name="P8">
				<text:s text:c="2" />
				Spintronics [Scanning the Issue]
				<text:tab />
				<text:span text:style-name="T1">10, 1782</text:span>
			</text:p><text:p text:style-name="P5">
				<text:span text:style-name="T3">Eric E. Fullerton ; Jeff R. Childress</text:span>
			</text:p>			<text:p text:style-name="P8">
				<text:s text:c="2" />
				Spintronics, Magnetoresistive Heads, and the Emergence of the Digital World
				<text:tab />
				<text:span text:style-name="T1">10, 1787</text:span>
			</text:p><text:p text:style-name="P5">
				<text:span text:style-name="T3">Dmytro Apalkov ; Bernard Dieny ; J. M. Slaughter</text:span>
			</text:p>			<text:p text:style-name="P8">
				<text:s text:c="2" />
				Magnetoresistive Random Access Memory
				<text:tab />
				<text:span text:style-name="T1">10, 1796</text:span>
			</text:p><text:p text:style-name="P5">
				<text:span text:style-name="T3">Seo-Won Lee ; Kyung-Jin Lee</text:span>
			</text:p>			<text:p text:style-name="P8">
				<text:s text:c="2" />
				Emerging Three-Terminal Magnetic Memory Devices
				<text:tab />
				<text:span text:style-name="T1">10, 1831</text:span>
			</text:p><text:p text:style-name="P5">
				<text:span text:style-name="T3">Takahiro Hanyu ; Tetsuo Endoh ; Daisuke Suzuki ; Hiroki Koike ; Yitao Ma ; Naoya Onizawa ; Masanori Natsui ; Shoji Ikeda ; Hideo Ohno</text:span>
			</text:p>			<text:p text:style-name="P8">
				<text:s text:c="2" />
				Standby-Power-Free Integrated Circuits Using MTJ-Based VLSI Computing
				<text:tab />
				<text:span text:style-name="T1">10, 1844</text:span>
			</text:p><text:p text:style-name="P5">
				<text:span text:style-name="T3">Swaroop Ghosh</text:span>
			</text:p>			<text:p text:style-name="P8">
				<text:s text:c="2" />
				Spintronics and Security: Prospects, Vulnerabilities, Attack Models, and Preventions
				<text:tab />
				<text:span text:style-name="T1">10, 1864</text:span>
			</text:p><text:p text:style-name="P5">
				<text:span text:style-name="T3">Paulo P. Freitas ; Ricardo Ferreira ; Susana Cardoso</text:span>
			</text:p>			<text:p text:style-name="P8">
				<text:s text:c="2" />
				Spintronic Sensors
				<text:tab />
				<text:span text:style-name="T1">10, 1894</text:span>
			</text:p><text:p text:style-name="P5">
				<text:span text:style-name="T3">Tingsu Chen ; Randy K. Dumas ; Anders Eklund ; Pranaba K. Muduli ; Afshin Houshang ; Ahmad A. Awad ; Philipp Dürrenfeld ; B. Gunnar Malm ; Ana Rusu ; Johan Åkerman</text:span>
			</text:p>			<text:p text:style-name="P8">
				<text:s text:c="2" />
				Spin-Torque and Spin-Hall Nano-Oscillators
				<text:tab />
				<text:span text:style-name="T1">10, 1919</text:span>
			</text:p><text:p text:style-name="P5">
				<text:span text:style-name="T3">Ken-ichi Uchida ; Hiroto Adachi ; Takashi Kikkawa ; Akihiro Kirihara ; Masahiko Ishida ; Shinichi Yorozu ; Sadamichi Maekawa ; Eiji Saitoh</text:span>
			</text:p>			<text:p text:style-name="P8">
				<text:s text:c="2" />
				Thermoelectric Generation Based on Spin Seebeck Effects
				<text:tab />
				<text:span text:style-name="T1">10, 1946</text:span>
			</text:p><text:p text:style-name="P5">
				<text:span text:style-name="T3">Kang L. Wang ; Xufeng Kou ; Pramey Upadhyaya ; Yabin Fan ; Qiming Shao ; Guoqiang Yu ; Pedram Khalili Amiri</text:span>
			</text:p>			<text:p text:style-name="P8">
				<text:s text:c="2" />
				Electric-Field Control of Spin-Orbit Interaction for Low-Power Spintronics
				<text:tab />
				<text:span text:style-name="T1">10, 1974</text:span>
			</text:p><text:p text:style-name="P5">
				<text:span text:style-name="T3">F. Joseph Heremans ; Christopher G. Yale ; David D. Awschalom</text:span>
			</text:p>			<text:p text:style-name="P8">
				<text:s text:c="2" />
				Control of Spin Defects in Wide-Bandgap Semiconductors for Quantum Technologies
				<text:tab />
				<text:span text:style-name="T1">10, 2009</text:span>
			</text:p><text:p text:style-name="P5">
				<text:span text:style-name="T3">Julie Grollier ; Damien Querlioz ; Mark D. Stiles</text:span>
			</text:p>			<text:p text:style-name="P8">
				<text:s text:c="2" />
				Spintronic Nanodevices for Bioinspired Computing
				<text:tab />
				<text:span text:style-name="T1">10, 2024</text:span>
			</text:p><text:p text:style-name="P5">
				<text:span text:style-name="T3">Wang Kang ; Yangqi Huang ; Xichao Zhang ; Yan Zhou ; Weisheng Zhao</text:span>
			</text:p>			<text:p text:style-name="P8">
				<text:s text:c="2" />
				Skyrmion-Electronics: An Overview and Outlook
				<text:tab />
				<text:span text:style-name="T1">10, 2040</text:span>
			</text:p><text:p text:style-name="P5">
				<text:span text:style-name="T3">Máté Szabó</text:span>
			</text:p>			<text:p text:style-name="P8">
				<text:s text:c="2" />
				The M-3 in Budapest and Szeged [Scanning Our Past]
				<text:tab />
				<text:span text:style-name="T1">10, 2062</text:span>
			</text:p>			<text:p text:style-name="P8">
				<text:s text:c="2" />
				Future Special Issues/Special Sections of the Proceedings
				<text:tab />
				<text:span text:style-name="T1">10, 2070</text:span>
			</text:p>			<text:p text:style-name="P8">
				<text:s text:c="2" />
				Imagine a community hopeful for the future
				<text:tab />
				<text:span text:style-name="T1">10, 2071</text:span>
			</text:p>			<text:p text:style-name="P8">
				<text:s text:c="2" />
				Open Access
				<text:tab />
				<text:span text:style-name="T1">10, 2072</text:span>
			</text:p>			<text:p text:style-name="P8">
				<text:s text:c="2" />
				Front Cover
				<text:tab />
				<text:span text:style-name="T1">10, C1</text:span>
			</text:p>			<text:p text:style-name="P8">
				<text:s text:c="2" />
				Proceedings of the IEEE publication information
				<text:tab />
				<text:span text:style-name="T1">10, C2</text:span>
			</text:p>			<text:p text:style-name="P8">
				<text:s text:c="2" />
				Introducing IEEE Collabratec
				<text:tab />
				<text:span text:style-name="T1">10, C3</text:span>
			</text:p>			<text:p text:style-name="P8">
				<text:s text:c="2" />
				[Back cover]
				<text:tab />
				<text:span text:style-name="T1">10, C4</text:span>
			</text:p><text:p text:style-name="Contents_20_1">
				<text:span text:style-name="T2">BIG DATA: PRACTICAL APPLICATIONS</text:span>
			</text:p>			<text:p text:style-name="P8">
				<text:s text:c="2" />
				Table of Contents [Big Data: Practical Applications]
				<text:tab />
				<text:span text:style-name="T1">11, 2073</text:span>
			</text:p><text:p text:style-name="P5">
				<text:span text:style-name="T3">H. Joel Trussell ; Vaishali Damle</text:span>
			</text:p>			<text:p text:style-name="P8">
				<text:s text:c="2" />
				Editorial
				<text:tab />
				<text:span text:style-name="T1">11, 2074</text:span>
			</text:p><text:p text:style-name="P5">
				<text:span text:style-name="T3">Frank Effenberger</text:span>
			</text:p>			<text:p text:style-name="P8">
				<text:s text:c="2" />
				Future Broadband Access Networks [Point of View]
				<text:tab />
				<text:span text:style-name="T1">11, 2078</text:span>
			</text:p><text:p text:style-name="P5">
				<text:span text:style-name="T3">Simon Haykin ; Volker Tresp ; Jon Atli Benediktsson</text:span>
			</text:p>			<text:p text:style-name="P8">
				<text:s text:c="2" />
				Big Data: Practical Applications [Scanning the Issue]
				<text:tab />
				<text:span text:style-name="T1">11, 2082</text:span>
			</text:p><text:p text:style-name="P5">
				<text:span text:style-name="T3">Josep Blat ; Alun Evans ; Hansung Kim ; Evren Imre ; Lukàš Polok ; Viorela Ila ; Nikos Nikolaidis ; Pavel Zemčík ; Anastasios Tefas ; Pavel Smrž ; Adrian Hilton ; Ioannis Pitas</text:span>
			</text:p>			<text:p text:style-name="P8">
				<text:s text:c="2" />
				Big Data Analysis for Media Production
				<text:tab />
				<text:span text:style-name="T1">11, 2085</text:span>
			</text:p><text:p text:style-name="P5">
				<text:span text:style-name="T3">Yunquan Zhang ; Ting Cao ; Shigang Li ; Xinhui Tian ; Liang Yuan ; Haipeng Jia ; Athanasios V. Vasilakos</text:span>
			</text:p>			<text:p text:style-name="P8">
				<text:s text:c="2" />
				Parallel Processing Systems for Big Data: A Survey
				<text:tab />
				<text:span text:style-name="T1">11, 2114</text:span>
			</text:p><text:p text:style-name="P5">
				<text:span text:style-name="T3">Magnus Orn Ulfarsson ; Frosti Palsson ; Jakob Sigurdsson ; Johannes R. Sveinsson</text:span>
			</text:p>			<text:p text:style-name="P8">
				<text:s text:c="2" />
				Classification of Big Data With Application to Imaging Genetics
				<text:tab />
				<text:span text:style-name="T1">11, 2137</text:span>
			</text:p><text:p text:style-name="P5">
				<text:span text:style-name="T3">Takemasa Miyoshi ; Guo-Yuan Lien ; Shinsuke Satoh ; Tomoo Ushio ; Kotaro Bessho ; Hirofumi Tomita ; Seiya Nishizawa ; Ryuji Yoshida ; Sachiho A. Adachi ; Jianwei Liao ; Balazs Gerofi ; Yutaka Ishikawa ; Masaru Kunii ; Juan Ruiz ; Yasumitsu Maejima ; Shigenori Otsuka ; Michiko Otsuka ; Kozo Okamoto ; Hiromu Seko</text:span>
			</text:p>			<text:p text:style-name="P8">
				<text:s text:c="2" />
				“Big Data Assimilation” Toward Post-Petascale Severe Weather Prediction: An Overview and Progress
				<text:tab />
				<text:span text:style-name="T1">11, 2155</text:span>
			</text:p><text:p text:style-name="P5">
				<text:span text:style-name="T3">Volker Tresp ; J. Marc Overhage ; Markus Bundschus ; Shahrooz Rabizadeh ; Peter A. Fasching ; Shipeng Yu</text:span>
			</text:p>			<text:p text:style-name="P8">
				<text:s text:c="2" />
				Going Digital: A Survey on Digitalization and Large-Scale Data Analytics in Healthcare
				<text:tab />
				<text:span text:style-name="T1">11, 2180</text:span>
			</text:p><text:p text:style-name="P5">
				<text:span text:style-name="T3">Mingmin Chi ; Antonio Plaza ; Jón Atli Benediktsson ; Zhongyi Sun ; Jinsheng Shen ; Yangyong Zhu</text:span>
			</text:p>			<text:p text:style-name="P8">
				<text:s text:c="2" />
				Big Data for Remote Sensing: Challenges and Opportunities
				<text:tab />
				<text:span text:style-name="T1">11, 2207</text:span>
			</text:p><text:p text:style-name="P5">
				<text:span text:style-name="T3">David J. Thomson ; Frank L. Vernon</text:span>
			</text:p>			<text:p text:style-name="P8">
				<text:s text:c="2" />
				Some Comments on the Analysis of “Big” Scientific Time Series
				<text:tab />
				<text:span text:style-name="T1">11, 2220</text:span>
			</text:p><text:p text:style-name="P5">
				<text:span text:style-name="T3">Clive Pay ; Mathias Baumert</text:span>
			</text:p>			<text:p text:style-name="P8">
				<text:s text:c="2" />
				The Remarkable Edward (Ted) Both, Australia’s Not-So-Well-Known Inventor [Scanning Our Past]
				<text:tab />
				<text:span text:style-name="T1">11, 2250</text:span>
			</text:p>			<text:p text:style-name="P8">
				<text:s text:c="2" />
				Future Special Issues/Special Sections of the Proceedings
				<text:tab />
				<text:span text:style-name="T1">11, 2257</text:span>
			</text:p>			<text:p text:style-name="P8">
				<text:s text:c="2" />
				Learning Has No Boundaries
				<text:tab />
				<text:span text:style-name="T1">11, 2258</text:span>
			</text:p>			<text:p text:style-name="P8">
				<text:s text:c="2" />
				Member Get-A-Member (MGM) Program
				<text:tab />
				<text:span text:style-name="T1">11, 2259</text:span>
			</text:p>			<text:p text:style-name="P8">
				<text:s text:c="2" />
				Imagine a community hopeful for the future
				<text:tab />
				<text:span text:style-name="T1">11, 2260</text:span>
			</text:p>			<text:p text:style-name="P8">
				<text:s text:c="2" />
				Front Cover
				<text:tab />
				<text:span text:style-name="T1">11, C1</text:span>
			</text:p>			<text:p text:style-name="P8">
				<text:s text:c="2" />
				Proceedings of the IEEE publication information
				<text:tab />
				<text:span text:style-name="T1">11, C2</text:span>
			</text:p>			<text:p text:style-name="P8">
				<text:s text:c="2" />
				Introducing IEEE Collabratec
				<text:tab />
				<text:span text:style-name="T1">11, C3</text:span>
			</text:p>			<text:p text:style-name="P8">
				<text:s text:c="2" />
				Back Cover
				<text:tab />
				<text:span text:style-name="T1">11, C4</text:span>
			</text:p><text:p text:style-name="Contents_20_1">
				<text:span text:style-name="T2">PLASMONICS</text:span>
			</text:p>			<text:p text:style-name="P8">
				<text:s text:c="2" />
				2016 Index Proceedings of the IEEE Vols.102–104
				<text:tab />
				<text:span text:style-name="T1">12, 1</text:span>
			</text:p>			<text:p text:style-name="P8">
				<text:s text:c="2" />
				Table of Contents [Plasmonics]
				<text:tab />
				<text:span text:style-name="T1">12, 2261</text:span>
			</text:p><text:p text:style-name="P5">
				<text:span text:style-name="T3">H. Joel Trussell ; Sankar Basu</text:span>
			</text:p>			<text:p text:style-name="P8">
				<text:s text:c="2" />
				Rewards of tutorials
				<text:tab />
				<text:span text:style-name="T1">12, 2262</text:span>
			</text:p><text:p text:style-name="P5">
				<text:span text:style-name="T3">Pierre Berini ; Sergey Bozhevolnyi ; Dai-Sik Kim</text:span>
			</text:p>			<text:p text:style-name="P8">
				<text:s text:c="2" />
				Plasmonics [Scanning the issue]
				<text:tab />
				<text:span text:style-name="T1">12, 2267</text:span>
			</text:p><text:p text:style-name="P5">
				<text:span text:style-name="T3">Amr M. Shaltout ; Nathaniel Kinsey ; Jongbum Kim ; Rohith Chandrasekar ; Justus C. Ndukaife ; Alexandra Boltasseva ; Vladimir M. Shalaev</text:span>
			</text:p>			<text:p text:style-name="P8">
				<text:s text:c="2" />
				Development of Optical Metasurfaces: Emerging Concepts and New Materials
				<text:tab />
				<text:span text:style-name="T1">12, 2270</text:span>
			</text:p><text:p text:style-name="P5">
				<text:span text:style-name="T3">Sergio G. Rodrigo ; Fernando de León-Pérez ; Luis Martín-Moreno</text:span>
			</text:p>			<text:p text:style-name="P8">
				<text:s text:c="2" />
				Extraordinary Optical Transmission: Fundamentals and Applications
				<text:tab />
				<text:span text:style-name="T1">12, 2288</text:span>
			</text:p><text:p text:style-name="P5">
				<text:span text:style-name="T3">Jamie M. Fitzgerald ; Prineha Narang ; Richard V. Craster ; Stefan A. Maier ; Vincenzo Giannini</text:span>
			</text:p>			<text:p text:style-name="P8">
				<text:s text:c="2" />
				Quantum Plasmonics
				<text:tab />
				<text:span text:style-name="T1">12, 2307</text:span>
			</text:p><text:p text:style-name="P5">
				<text:span text:style-name="T3">Joseph S. T. Smalley ; Felipe Vallini ; Qing Gu ; Yeshaiahu Fainman</text:span>
			</text:p>			<text:p text:style-name="P8">
				<text:s text:c="2" />
				Amplification and Lasing of Plasmonic Modes
				<text:tab />
				<text:span text:style-name="T1">12, 2323</text:span>
			</text:p><text:p text:style-name="P5">
				<text:span text:style-name="T3">Alexey V. Krasavin ; Anatoly V. Zayats</text:span>
			</text:p>			<text:p text:style-name="P8">
				<text:s text:c="2" />
				Benchmarking System-Level Performance of Passive and Active Plasmonic Components: Integrated Circuit Approach
				<text:tab />
				<text:span text:style-name="T1">12, 2338</text:span>
			</text:p><text:p text:style-name="P5">
				<text:span text:style-name="T3">Mark L. Brongersma</text:span>
			</text:p>			<text:p text:style-name="P8">
				<text:s text:c="2" />
				Plasmonic Photodetectors, Photovoltaics, and Hot-Electron Devices
				<text:tab />
				<text:span text:style-name="T1">12, 2349</text:span>
			</text:p><text:p text:style-name="P5">
				<text:span text:style-name="T3">Christian Haffner ; Wolfgang Heni ; Yuriy Fedoryshyn ; Arne Josten ; Benedikt Baeuerle ; Claudia Hoessbacher ; Yannick Salamin ; Ueli Koch ; Nikola Đorđević ; Pol Mousel ; Romain Bonjour ; Alexandros Emboras ; David Hillerkuss ; Pascal Leuchtmann ; Delwin L. Elder ; Larry R. Dalton ; Christian Hafner ; Juerg Leuthold</text:span>
			</text:p>			<text:p text:style-name="P8">
				<text:s text:c="2" />
				Plasmonic Organic Hybrid Modulators—Scaling Highest Speed Photonics to the Microscale
				<text:tab />
				<text:span text:style-name="T1">12, 2362</text:span>
			</text:p><text:p text:style-name="P5">
				<text:span text:style-name="T3">Barbora Špačková ; Piotr Wrobel ; Markéta Bocková ; Jiří Homola</text:span>
			</text:p>			<text:p text:style-name="P8">
				<text:s text:c="2" />
				Optical Biosensors Based on Plasmonic Nanostructures: A Review
				<text:tab />
				<text:span text:style-name="T1">12, 2380</text:span>
			</text:p><text:p text:style-name="P5">
				<text:span text:style-name="T3">Simón Reif-Acherman</text:span>
			</text:p>			<text:p text:style-name="P8">
				<text:s text:c="2" />
				Jacques-Arsene d&apos;Arsonval: His life and contributions to electrical instrumentation in physics and medicine. part i: early life and activities in physiology [scanning our past]
				<text:tab />
				<text:span text:style-name="T1">12, 2409</text:span>
			</text:p>			<text:p text:style-name="P8">
				<text:s text:c="2" />
				Future Special Issues/Special Sections of the Proceedings
				<text:tab />
				<text:span text:style-name="T1">12, </text:span>
			</text:p>			<text:p text:style-name="P8">
				<text:s text:c="2" />
				Front Cover
				<text:tab />
				<text:span text:style-name="T1">12, C1</text:span>
			</text:p>			<text:p text:style-name="P8">
				<text:s text:c="2" />
				Proceedings of the IEEE publication information
				<text:tab />
				<text:span text:style-name="T1">12, C2</text:span>
			</text:p>			<text:p text:style-name="P8">
				<text:s text:c="2" />
				Introducing IEEE Collabratec
				<text:tab />
				<text:span text:style-name="T1">12, C3</text:span>
			</text:p>			<text:p text:style-name="P8">
				<text:s text:c="2" />
				Back Cover
				<text:tab />
				<text:span text:style-name="T1">12, C4</text:span>
			</text:p>			<text:p text:style-name="P9" />
		</office:text>
	</office:body>
</office:document-content>