<?xml version="1.0" encoding="UTF-8"?>
<office:document-content
	xmlns:office="urn:oasis:names:tc:opendocument:xmlns:office:1.0"
	xmlns:style="urn:oasis:names:tc:opendocument:xmlns:style:1.0"
	xmlns:text="urn:oasis:names:tc:opendocument:xmlns:text:1.0"
	xmlns:table="urn:oasis:names:tc:opendocument:xmlns:table:1.0"
	xmlns:draw="urn:oasis:names:tc:opendocument:xmlns:drawing:1.0"
	xmlns:fo="urn:oasis:names:tc:opendocument:xmlns:xsl-fo-compatible:1.0"
	xmlns:xlink="http://www.w3.org/1999/xlink" xmlns:dc="http://purl.org/dc/elements/1.1/"
	xmlns:meta="urn:oasis:names:tc:opendocument:xmlns:meta:1.0"
	xmlns:number="urn:oasis:names:tc:opendocument:xmlns:datastyle:1.0"
	xmlns:svg="urn:oasis:names:tc:opendocument:xmlns:svg-compatible:1.0"
	xmlns:chart="urn:oasis:names:tc:opendocument:xmlns:chart:1.0"
	xmlns:dr3d="urn:oasis:names:tc:opendocument:xmlns:dr3d:1.0" xmlns:math="http://www.w3.org/1998/Math/MathML"
	xmlns:form="urn:oasis:names:tc:opendocument:xmlns:form:1.0"
	xmlns:script="urn:oasis:names:tc:opendocument:xmlns:script:1.0"
	xmlns:ooo="http://openoffice.org/2004/office" xmlns:ooow="http://openoffice.org/2004/writer"
	xmlns:oooc="http://openoffice.org/2004/calc" xmlns:dom="http://www.w3.org/2001/xml-events"
	xmlns:xforms="http://www.w3.org/2002/xforms" xmlns:xsd="http://www.w3.org/2001/XMLSchema"
	xmlns:xsi="http://www.w3.org/2001/XMLSchema-instance" xmlns:rpt="http://openoffice.org/2005/report"
	xmlns:of="urn:oasis:names:tc:opendocument:xmlns:of:1.2" xmlns:xhtml="http://www.w3.org/1999/xhtml"
	xmlns:grddl="http://www.w3.org/2003/g/data-view#" xmlns:officeooo="http://openoffice.org/2009/office"
	xmlns:tableooo="http://openoffice.org/2009/table" xmlns:drawooo="http://openoffice.org/2010/draw"
	xmlns:calcext="urn:org:documentfoundation:names:experimental:calc:xmlns:calcext:1.0"
	xmlns:loext="urn:org:documentfoundation:names:experimental:office:xmlns:loext:1.0"
	xmlns:field="urn:openoffice:names:experimental:ooo-ms-interop:xmlns:field:1.0"
	xmlns:formx="urn:openoffice:names:experimental:ooxml-odf-interop:xmlns:form:1.0"
	xmlns:css3t="http://www.w3.org/TR/css3-text/" office:version="1.2">
	<office:scripts />
	<office:font-face-decls>
		<style:font-face style:name="Lucida Sans1"
			svg:font-family="&apos;Lucida Sans&apos;" style:font-family-generic="swiss" />
		<style:font-face style:name="Calibri" svg:font-family="Calibri"
			style:font-family-generic="roman" style:font-pitch="variable" />
		<style:font-face style:name="Calibri Light"
			svg:font-family="&apos;Calibri Light&apos;"
			style:font-family-generic="roman" style:font-pitch="variable" />
		<style:font-face style:name="Liberation Sans"
			svg:font-family="&apos;Liberation Sans&apos;"
			style:font-family-generic="swiss" style:font-pitch="variable" />
		<style:font-face style:name="F" svg:font-family=""
			style:font-family-generic="system" style:font-pitch="variable" />
		<style:font-face style:name="Courier New"
			svg:font-family="&apos;Courier New&apos;" style:font-family-generic="system"
			style:font-pitch="variable" />
		<style:font-face style:name="Lucida Sans"
			svg:font-family="&apos;Lucida Sans&apos;" style:font-family-generic="system"
			style:font-pitch="variable" />
		<style:font-face style:name="Microsoft YaHei"
			svg:font-family="&apos;Microsoft YaHei&apos;"
			style:font-family-generic="system" style:font-pitch="variable" />
		<style:font-face style:name="Times New Roman"
			svg:font-family="&apos;Times New Roman&apos;"
			style:font-family-generic="system" style:font-pitch="variable" />
		<style:font-face style:name="ＭＳ ゴシック" svg:font-family="&apos;ＭＳ ゴシック&apos;"
			style:font-family-generic="system" style:font-pitch="variable" />
		<style:font-face style:name="ＭＳ 明朝" svg:font-family="&apos;ＭＳ 明朝&apos;"
			style:font-family-generic="system" style:font-pitch="variable" />
	</office:font-face-decls>
	<office:automatic-styles>
		<style:style style:name="P1" style:family="paragraph"
			style:parent-style-name="Contents_20_1">
			<style:paragraph-properties fo:text-align="end"
				style:justify-single-word="false" />
		</style:style>
		<style:style style:name="P2" style:family="paragraph"
			style:parent-style-name="TOC_20_Heading" style:master-page-name="Standard">
			<style:paragraph-properties fo:margin-top="0cm"
				fo:margin-bottom="0.212cm" loext:contextual-spacing="false"
				style:page-number="auto" />
		</style:style>
		<style:style style:name="P3" style:family="paragraph"
			style:parent-style-name="Header">
			<style:paragraph-properties fo:text-align="end"
				style:justify-single-word="false" />
		</style:style>
		<style:style style:name="P4" style:family="paragraph"
			style:parent-style-name="Footer">
			<style:paragraph-properties fo:text-align="center"
				style:justify-single-word="false" />
		</style:style>
		<style:style style:name="P5" style:family="paragraph"
			style:parent-style-name="Contents_20_2">
			<style:paragraph-properties
				fo:margin-left="0.379cm" fo:margin-right="0cm" fo:margin-top="0cm"
				fo:margin-bottom="0cm" loext:contextual-spacing="false"
				fo:text-indent="0cm" style:auto-text-indent="false" />
		</style:style>
		<style:style style:name="P6" style:family="paragraph"
			style:parent-style-name="Contents_20_2">
			<style:paragraph-properties
				fo:margin-left="0.381cm" fo:margin-right="0cm" fo:text-indent="0cm"
				style:auto-text-indent="false" />
		</style:style>
		<style:style style:name="P7" style:family="paragraph"
			style:parent-style-name="Contents_20_2">
			<loext:graphic-properties
				draw:fill-image-width="0cm" draw:fill-image-height="0cm" />
			<style:paragraph-properties
				fo:margin-left="0.381cm" fo:margin-right="0cm" fo:margin-top="0cm"
				fo:margin-bottom="0.176cm" loext:contextual-spacing="false"
				fo:line-height="105%" fo:text-align="start"
				style:justify-single-word="false" fo:orphans="2" fo:widows="2"
				fo:text-indent="0cm" style:auto-text-indent="false" />
		</style:style>
		<style:style style:name="P8" style:family="paragraph"
			style:parent-style-name="Contents_20_2" style:master-page-name="">
			<style:paragraph-properties
				fo:margin-left="0.381cm" fo:margin-right="0cm" fo:margin-top="0cm"
				fo:margin-bottom="0.176cm" loext:contextual-spacing="false"
				fo:line-height="105%" fo:text-align="start"
				style:justify-single-word="false" fo:orphans="2" fo:widows="2"
				fo:text-indent="0cm" style:auto-text-indent="false"
				style:page-number="auto" style:shadow="none" />
		</style:style>
		<style:style style:name="P9" style:family="paragraph"
			style:parent-style-name="Contents_20_2">
			<style:paragraph-properties
				fo:margin-left="0cm" fo:margin-right="0cm" fo:text-indent="0cm"
				style:auto-text-indent="false" />
		</style:style>
		<style:style style:name="T1" style:family="text">
			<style:text-properties fo:font-weight="bold"
				style:font-weight-asian="bold" />
		</style:style>
		<style:style style:name="T2" style:family="text">
			<style:text-properties fo:font-weight="bold"
				style:font-weight-asian="bold" style:font-weight-complex="bold" />
		</style:style>
		<style:style style:name="T3" style:family="text">
			<style:text-properties fo:font-style="italic"
				style:font-style-asian="italic" />
		</style:style>
	</office:automatic-styles>
	<office:body>
		<office:text text:use-soft-page-breaks="true">
			<office:forms form:automatic-focus="false"
				form:apply-design-mode="false" />
			<text:sequence-decls>
				<text:sequence-decl text:display-outline-level="0"
					text:name="Illustration" />
				<text:sequence-decl text:display-outline-level="0"
					text:name="Table" />
				<text:sequence-decl text:display-outline-level="0"
					text:name="Text" />
				<text:sequence-decl text:display-outline-level="0"
					text:name="Drawing" />
			</text:sequence-decls>
			<text:p text:style-name="P2">Inhaltsverzeichnis</text:p>
			<text:p text:style-name="P1">
				<text:span text:style-name="T2">Ausgabe, Seite</text:span>
			</text:p><text:p text:style-name="Contents_20_1">
				<text:span text:style-name="T2">COMMUNITY</text:span>
			</text:p><text:p text:style-name="P5">
				<text:span text:style-name="T3">Ralf Schenkel</text:span>
			</text:p>
			<text:p text:style-name="P8">
				<text:s text:c="2" />
				News
				<text:tab />
				<text:span text:style-name="T1">1, 99</text:span>
			</text:p><text:p text:style-name="P5">
				<text:span text:style-name="T3">Kai-Uwe Sattler</text:span>
			</text:p>
			<text:p text:style-name="P8">
				<text:s text:c="2" />
				DFG-Schwerpunktprogramm „Skalierbares Datenmanagement für zukünftige Hardware“
				<text:tab />
				<text:span text:style-name="T1">2, 183</text:span>
			</text:p><text:p text:style-name="P5">
				<text:span text:style-name="T3">Ralf Schenkel</text:span>
			</text:p>
			<text:p text:style-name="P8">
				<text:s text:c="2" />
				News
				<text:tab />
				<text:span text:style-name="T1">2, 187</text:span>
			</text:p><text:p text:style-name="P5">
				<text:span text:style-name="T3"></text:span>
			</text:p>
			<text:p text:style-name="P8">
				<text:s text:c="2" />
				News
				<text:tab />
				<text:span text:style-name="T1">3, 255</text:span>
			</text:p><text:p text:style-name="Contents_20_1">
				<text:span text:style-name="T2">DATENBANKGRUPPEN</text:span>
			</text:p><text:p text:style-name="P5">
				<text:span text:style-name="T3">Gerhard Weikum</text:span>
			</text:p>
			<text:p text:style-name="P8">
				<text:s text:c="2" />
				Die Abteilung Datenbanken und Informationssysteme am Max-Planck-Institut für Informatik
				<text:tab />
				<text:span text:style-name="T1">1, 77</text:span>
			</text:p><text:p text:style-name="P5">
				<text:span text:style-name="T3">Kai-Uwe Sattler</text:span>
			</text:p>
			<text:p text:style-name="P8">
				<text:s text:c="2" />
				Das Fachgebiet Datenbanken &amp; Informationssysteme an der TU Ilmenau
				<text:tab />
				<text:span text:style-name="T1">2, 167</text:span>
			</text:p><text:p text:style-name="P5">
				<text:span text:style-name="T3">Stefan Deßloch, Theo Härder, Sebastian Michel</text:span>
			</text:p>
			<text:p text:style-name="P8">
				<text:s text:c="2" />
				Die Arbeitsgruppen für Datenbanken und Informationssysteme an der TU Kaiserslautern
				<text:tab />
				<text:span text:style-name="T1">3, 237</text:span>
			</text:p><text:p text:style-name="Contents_20_1">
				<text:span text:style-name="T2">DISSERTATIONEN</text:span>
			</text:p><text:p text:style-name="P5">
				<text:span text:style-name="T3"></text:span>
			</text:p>
			<text:p text:style-name="P8">
				<text:s text:c="2" />
				Dissertationen
				<text:tab />
				<text:span text:style-name="T1">1, 89</text:span>
			</text:p><text:p text:style-name="P5">
				<text:span text:style-name="T3"></text:span>
			</text:p>
			<text:p text:style-name="P8">
				<text:s text:c="2" />
				Dissertationen
				<text:tab />
				<text:span text:style-name="T1">2, 179</text:span>
			</text:p><text:p text:style-name="P5">
				<text:span text:style-name="T3"></text:span>
			</text:p>
			<text:p text:style-name="P8">
				<text:s text:c="2" />
				Dissertationen
				<text:tab />
				<text:span text:style-name="T1">3, 253</text:span>
			</text:p><text:p text:style-name="Contents_20_1">
				<text:span text:style-name="T2">EDITORIAL</text:span>
			</text:p><text:p text:style-name="P5">
				<text:span text:style-name="T3">Matthias Hagen, Benno Stein, Theo Härder</text:span>
			</text:p>
			<text:p text:style-name="P8">
				<text:s text:c="2" />
				Editorial
				<text:tab />
				<text:span text:style-name="T1">1, 1</text:span>
			</text:p><text:p text:style-name="P5">
				<text:span text:style-name="T3">Johann-Christoph Freytag, Erik Buchmann, Theo Härder</text:span>
			</text:p>
			<text:p text:style-name="P8">
				<text:s text:c="2" />
				Editorial
				<text:tab />
				<text:span text:style-name="T1">2, 103</text:span>
			</text:p><text:p text:style-name="P5">
				<text:span text:style-name="T3">Bernhard Seeger, Birgitta König-Ries, Theo Härder</text:span>
			</text:p>
			<text:p text:style-name="P8">
				<text:s text:c="2" />
				Editorial
				<text:tab />
				<text:span text:style-name="T1">3, 191</text:span>
			</text:p><text:p text:style-name="Contents_20_1">
				<text:span text:style-name="T2">FACHBEITRAG</text:span>
			</text:p><text:p text:style-name="P5">
				<text:span text:style-name="T3">Ziad Sehili, Erhard Rahm</text:span>
			</text:p>
			<text:p text:style-name="P8">
				<text:s text:c="2" />
				Speeding up Privacy Preserving Record Linkage for Metric Space Similarity Measures
				<text:tab />
				<text:span text:style-name="T1">3, 227</text:span>
			</text:p><text:p text:style-name="Contents_20_1">
				<text:span text:style-name="T2">KURZ</text:span>
			</text:p><text:p text:style-name="P5">
				<text:span text:style-name="T3">Uta Störl, Meike Klettke, Stefanie Scherzinger</text:span>
			</text:p>
			<text:p text:style-name="P8">
				<text:s text:c="2" />
				Kurz erklärt: Objekt-NoSQL-Mapping
				<text:tab />
				<text:span text:style-name="T1">1, 83</text:span>
			</text:p><text:p text:style-name="P5">
				<text:span text:style-name="T3">Manuela Wagner, Oliver Raabe</text:span>
			</text:p>
			<text:p text:style-name="P8">
				<text:s text:c="2" />
				7 Irrtümer zum Datenschutz im Kontext von Smart Data
				<text:tab />
				<text:span text:style-name="T1">2, 173</text:span>
			</text:p><text:p text:style-name="P5">
				<text:span text:style-name="T3">Katja Hose</text:span>
			</text:p>
			<text:p text:style-name="P8">
				<text:s text:c="2" />
				Skyline Queries
				<text:tab />
				<text:span text:style-name="T1">3, 247</text:span>
			</text:p><text:p text:style-name="Contents_20_1">
				<text:span text:style-name="T2">NACHRUF</text:span>
			</text:p><text:p text:style-name="P5">
				<text:span text:style-name="T3">Theo Härder</text:span>
			</text:p>
			<text:p text:style-name="P8">
				<text:s text:c="2" />
				Prof. Dr. Dr. h. c. Hans-Jürgen Appelrath
				<text:tab />
				<text:span text:style-name="T1">3, 259</text:span>
			</text:p><text:p text:style-name="Contents_20_1">
				<text:span text:style-name="T2">SCHWERPUNKTBEITRAG</text:span>
			</text:p><text:p text:style-name="P5">
				<text:span text:style-name="T3">Johannes Schildgen, Stefan Deßloch</text:span>
			</text:p>
			<text:p text:style-name="P8">
				<text:s text:c="2" />
				Heterogenität überwinden mit der Datentransformationssprache NotaQL
				<text:tab />
				<text:span text:style-name="T1">1, 5</text:span>
			</text:p><text:p text:style-name="P5">
				<text:span text:style-name="T3">Ivan Giangreco, Heiko Schuldt</text:span>
			</text:p>
			<text:p text:style-name="P8">
				<text:s text:c="2" />
				
                                 ADAM
                                 
                            pro
                          : Database Support for Big Multimedia Retrieval
				<text:tab />
				<text:span text:style-name="T1">1, 17</text:span>
			</text:p><text:p text:style-name="P5">
				<text:span text:style-name="T3">K. Pal, F. Reinartz, S. Michel</text:span>
			</text:p>
			<text:p text:style-name="P8">
				<text:s text:c="2" />
				Mining Entity Rankings
				<text:tab />
				<text:span text:style-name="T1">1, 27</text:span>
			</text:p><text:p text:style-name="P5">
				<text:span text:style-name="T3">Ingo Frommholz, Thomas Roelleke</text:span>
			</text:p>
			<text:p text:style-name="P8">
				<text:s text:c="2" />
				Scalable DB+IR Technology: Processing Probabilistic Datalog with HySpirit
				<text:tab />
				<text:span text:style-name="T1">1, 39</text:span>
			</text:p><text:p text:style-name="P5">
				<text:span text:style-name="T3">Christoph Koch</text:span>
			</text:p>
			<text:p text:style-name="P8">
				<text:s text:c="2" />
				MoSt – Modellbasierte Generierung synthetischer Datenbankstatistiken
				<text:tab />
				<text:span text:style-name="T1">1, 49</text:span>
			</text:p><text:p text:style-name="P5">
				<text:span text:style-name="T3">Daniel Blank, Andreas Henrich, Stefan Kufer</text:span>
			</text:p>
			<text:p text:style-name="P8">
				<text:s text:c="2" />
				Using Summaries to Search and Visualize Distributed Resources Addressing Spatial and Multimedia Features
				<text:tab />
				<text:span text:style-name="T1">1, 67</text:span>
			</text:p><text:p text:style-name="P5">
				<text:span text:style-name="T3">Hannes Grunert, Andreas Heuer</text:span>
			</text:p>
			<text:p text:style-name="P8">
				<text:s text:c="2" />
				Datenschutz im PArADISE
				<text:tab />
				<text:span text:style-name="T1">2, 107</text:span>
			</text:p><text:p text:style-name="P5">
				<text:span text:style-name="T3">Dominik Herrmann</text:span>
			</text:p>
			<text:p text:style-name="P8">
				<text:s text:c="2" />
				Unerfreulich auskunftsfreudig: Inferenzangriffe auf DNS-Anfragen bedrohen unsere Privatsphäre
				<text:tab />
				<text:span text:style-name="T1">2, 119</text:span>
			</text:p><text:p text:style-name="P5">
				<text:span text:style-name="T3">Ingo Frommholz, Haider M. al-Khateeb, Martin Potthast, Zinnar Ghasem, Mitul Shukla, Emma Short</text:span>
			</text:p>
			<text:p text:style-name="P8">
				<text:s text:c="2" />
				On Textual Analysis and Machine Learning for Cyberstalking Detection
				<text:tab />
				<text:span text:style-name="T1">2, 127</text:span>
			</text:p><text:p text:style-name="P5">
				<text:span text:style-name="T3">Ulrich Greveler</text:span>
			</text:p>
			<text:p text:style-name="P8">
				<text:s text:c="2" />
				Die Smart-Metering-Debatte 2010–2016 und ihre Ergebnisse zum Schutz der Privatsphäre
				<text:tab />
				<text:span text:style-name="T1">2, 137</text:span>
			</text:p><text:p text:style-name="P5">
				<text:span text:style-name="T3">Simon Steuer, Aboubakr Benabbas, Nasr Kasrin, Daniela Nicklas</text:span>
			</text:p>
			<text:p text:style-name="P8">
				<text:s text:c="2" />
				Challenges and Design Goals for an Architecture of a Privacy-preserving Smart City Lab
				<text:tab />
				<text:span text:style-name="T1">2, 147</text:span>
			</text:p><text:p text:style-name="P5">
				<text:span text:style-name="T3">Daniel Janusz, Jochen Taeschner, Dimitar Dimitrov</text:span>
			</text:p>
			<text:p text:style-name="P8">
				<text:s text:c="2" />
				Sichere und datenschutzkonforme Benutzerverwaltung als Online-Service
				<text:tab />
				<text:span text:style-name="T1">2, 157</text:span>
			</text:p><text:p text:style-name="P5">
				<text:span text:style-name="T3">Naouel Karam, Claudia Müller-Birn, Maren Gleisberg, David Fichtmüller, Robert Tolksdorf, Anton Güntsch</text:span>
			</text:p>
			<text:p text:style-name="P8">
				<text:s text:c="2" />
				A Terminology Service Supporting Semantic Annotation, Integration, Discovery and Analysis of Interdisciplinary Research Data
				<text:tab />
				<text:span text:style-name="T1">3, 195</text:span>
			</text:p><text:p text:style-name="P5">
				<text:span text:style-name="T3">Andreas Behrend, Philip Schmiegelt, Andreas Dohr</text:span>
			</text:p>
			<text:p text:style-name="P8">
				<text:s text:c="2" />
				Supporting Situation Awareness in Spatio-Temporal Databases
				<text:tab />
				<text:span text:style-name="T1">3, 207</text:span>
			</text:p><text:p text:style-name="P5">
				<text:span text:style-name="T3">Mike Sips, Patrick Köthur, Daniel Eggert</text:span>
			</text:p>
			<text:p text:style-name="P8">
				<text:s text:c="2" />
				Toward a Visual Analytics Approach to Support Multi-Sensor Analysis in Remote Sensing Science
				<text:tab />
				<text:span text:style-name="T1">3, 219</text:span>
			</text:p>			<text:p text:style-name="P9" />
		</office:text>
	</office:body>
</office:document-content>