<?xml version="1.0" encoding="UTF-8"?>
<office:document-meta xmlns:office="urn:oasis:names:tc:opendocument:xmlns:office:1.0" xmlns:xlink="http://www.w3.org/1999/xlink" xmlns:dc="http://purl.org/dc/elements/1.1/" xmlns:meta="urn:oasis:names:tc:opendocument:xmlns:meta:1.0" xmlns:ooo="http://openoffice.org/2004/office" xmlns:grddl="http://www.w3.org/2003/g/data-view#" office:version="1.2"><office:meta><meta:creation-date>2015-01-18T19:43:00</meta:creation-date><meta:initial-creator>Christian Claus Wiechmann</meta:initial-creator><dc:language>de-DE</dc:language><dc:date>2017-01-03T12:33:39.996000000</dc:date><meta:editing-cycles>70</meta:editing-cycles><meta:editing-duration>PT7M3S</meta:editing-duration><meta:generator>LibreOffice/5.1.6.2$Windows_x86 LibreOffice_project/07ac168c60a517dba0f0d7bc7540f5afa45f0909</meta:generator><meta:document-statistic meta:table-count="0" meta:image-count="0" meta:object-count="0" meta:page-count="3" meta:paragraph-count="102" meta:word-count="530" meta:character-count="3942" meta:non-whitespace-character-count="3420"/><meta:user-defined meta:name="AppVersion">15.0000</meta:user-defined><meta:user-defined meta:name="DocSecurity" meta:value-type="float">0</meta:user-defined><meta:user-defined meta:name="HyperlinksChanged" meta:value-type="boolean">false</meta:user-defined><meta:user-defined meta:name="LinksUpToDate" meta:value-type="boolean">false</meta:user-defined><meta:user-defined meta:name="ScaleCrop" meta:value-type="boolean">false</meta:user-defined><meta:user-defined meta:name="ShareDoc" meta:value-type="boolean">false</meta:user-defined><meta:template xlink:type="simple" xlink:actuate="onRequest" xlink:title="Normal" xlink:href=""/></office:meta></office:document-meta>