<?xml version="1.0" encoding="UTF-8"?>
<office:document-styles xmlns:office="urn:oasis:names:tc:opendocument:xmlns:office:1.0" xmlns:style="urn:oasis:names:tc:opendocument:xmlns:style:1.0" xmlns:text="urn:oasis:names:tc:opendocument:xmlns:text:1.0" xmlns:table="urn:oasis:names:tc:opendocument:xmlns:table:1.0" xmlns:draw="urn:oasis:names:tc:opendocument:xmlns:drawing:1.0" xmlns:fo="urn:oasis:names:tc:opendocument:xmlns:xsl-fo-compatible:1.0" xmlns:xlink="http://www.w3.org/1999/xlink" xmlns:dc="http://purl.org/dc/elements/1.1/" xmlns:meta="urn:oasis:names:tc:opendocument:xmlns:meta:1.0" xmlns:number="urn:oasis:names:tc:opendocument:xmlns:datastyle:1.0" xmlns:svg="urn:oasis:names:tc:opendocument:xmlns:svg-compatible:1.0" xmlns:chart="urn:oasis:names:tc:opendocument:xmlns:chart:1.0" xmlns:dr3d="urn:oasis:names:tc:opendocument:xmlns:dr3d:1.0" xmlns:math="http://www.w3.org/1998/Math/MathML" xmlns:form="urn:oasis:names:tc:opendocument:xmlns:form:1.0" xmlns:script="urn:oasis:names:tc:opendocument:xmlns:script:1.0" xmlns:ooo="http://openoffice.org/2004/office" xmlns:ooow="http://openoffice.org/2004/writer" xmlns:oooc="http://openoffice.org/2004/calc" xmlns:dom="http://www.w3.org/2001/xml-events" xmlns:rpt="http://openoffice.org/2005/report" xmlns:of="urn:oasis:names:tc:opendocument:xmlns:of:1.2" xmlns:xhtml="http://www.w3.org/1999/xhtml" xmlns:grddl="http://www.w3.org/2003/g/data-view#" xmlns:officeooo="http://openoffice.org/2009/office" xmlns:tableooo="http://openoffice.org/2009/table" xmlns:drawooo="http://openoffice.org/2010/draw" xmlns:calcext="urn:org:documentfoundation:names:experimental:calc:xmlns:calcext:1.0" xmlns:loext="urn:org:documentfoundation:names:experimental:office:xmlns:loext:1.0" xmlns:field="urn:openoffice:names:experimental:ooo-ms-interop:xmlns:field:1.0" xmlns:css3t="http://www.w3.org/TR/css3-text/" office:version="1.2"><office:font-face-decls><style:font-face style:name="Calibri" svg:font-family="Calibri" style:font-family-generic="roman" style:font-pitch="variable"/><style:font-face style:name="Calibri Light" svg:font-family="&apos;Calibri Light&apos;" style:font-family-generic="roman" style:font-pitch="variable"/><style:font-face style:name="Liberation Sans" svg:font-family="&apos;Liberation Sans&apos;" style:font-family-generic="roman" style:font-pitch="variable"/><style:font-face style:name="Courier New" svg:font-family="&apos;Courier New&apos;" style:font-family-generic="system" style:font-pitch="variable"/><style:font-face style:name="Lucida Sans" svg:font-family="&apos;Lucida Sans&apos;" style:font-family-generic="system" style:font-pitch="variable"/><style:font-face style:name="Microsoft YaHei" svg:font-family="&apos;Microsoft YaHei&apos;" style:font-family-generic="system" style:font-pitch="variable"/><style:font-face style:name="Tahoma" svg:font-family="Tahoma" style:font-family-generic="system" style:font-pitch="variable"/><style:font-face style:name="Times New Roman" svg:font-family="&apos;Times New Roman&apos;" style:font-family-generic="system" style:font-pitch="variable"/><style:font-face style:name="ＭＳ ゴシック" svg:font-family="&apos;ＭＳ ゴシック&apos;" style:font-family-generic="system" style:font-pitch="variable"/><style:font-face style:name="ＭＳ 明朝" svg:font-family="&apos;ＭＳ 明朝&apos;" style:font-family-generic="system" style:font-pitch="variable"/></office:font-face-decls><office:styles><style:default-style style:family="graphic"><style:graphic-properties svg:stroke-color="#3465a4" draw:fill-color="#729fcf" fo:wrap-option="no-wrap" draw:shadow-offset-x="0.3cm" draw:shadow-offset-y="0.3cm" draw:start-line-spacing-horizontal="0.283cm" draw:start-line-spacing-vertical="0.283cm" draw:end-line-spacing-horizontal="0.283cm" draw:end-line-spacing-vertical="0.283cm" style:flow-with-text="false"/><style:paragraph-properties style:text-autospace="ideograph-alpha" style:line-break="strict" style:writing-mode="lr-tb" style:font-independent-line-spacing="false"><style:tab-stops/></style:paragraph-properties><style:text-properties style:use-window-font-color="true" style:font-name="Calibri" fo:font-size="11pt" fo:language="de" fo:country="DE" style:letter-kerning="true" style:font-name-asian="ＭＳ 明朝" style:font-size-asian="11pt" style:language-asian="en" style:country-asian="US" style:font-name-complex="Tahoma" style:font-size-complex="11pt" style:language-complex="ar" style:country-complex="SA"/></style:default-style><style:default-style style:family="paragraph"><style:paragraph-properties fo:hyphenation-ladder-count="no-limit" style:text-autospace="ideograph-alpha" style:punctuation-wrap="hanging" style:line-break="strict" style:tab-stop-distance="1.249cm" style:writing-mode="page"/><style:text-properties style:use-window-font-color="true" style:font-name="Calibri" fo:font-size="11pt" fo:language="de" fo:country="DE" style:letter-kerning="true" style:font-name-asian="ＭＳ 明朝" style:font-size-asian="11pt" style:language-asian="en" style:country-asian="US" style:font-name-complex="Tahoma" style:font-size-complex="11pt" style:language-complex="ar" style:country-complex="SA" fo:hyphenate="false" fo:hyphenation-remain-char-count="2" fo:hyphenation-push-char-count="2"/></style:default-style><style:default-style style:family="table"><style:table-properties table:border-model="collapsing"/></style:default-style><style:default-style style:family="table-row"><style:table-row-properties fo:keep-together="auto"/></style:default-style><style:style style:name="Standard" style:family="paragraph" style:default-outline-level="" style:class="text"><style:paragraph-properties fo:margin-top="0cm" fo:margin-bottom="0.282cm" loext:contextual-spacing="false" fo:line-height="105%" fo:text-align="start" style:justify-single-word="false" fo:orphans="2" fo:widows="2" style:writing-mode="lr-tb"/><style:text-properties fo:color="#00000a" style:font-name="Calibri" fo:font-family="Calibri" style:font-family-generic="roman" style:font-pitch="variable" fo:font-size="11pt" fo:language="de" fo:country="DE" style:font-name-asian="ＭＳ 明朝" style:font-family-asian="&apos;ＭＳ 明朝&apos;" style:font-family-generic-asian="system" style:font-pitch-asian="variable" style:font-size-asian="11pt" style:language-asian="en" style:country-asian="US" style:font-name-complex="Tahoma" style:font-family-complex="Tahoma" style:font-family-generic-complex="system" style:font-pitch-complex="variable" style:font-size-complex="11pt" style:language-complex="ar" style:country-complex="SA"/></style:style><style:style style:name="Heading" style:family="paragraph" style:parent-style-name="Standard" style:next-style-name="Text_20_body" style:default-outline-level="" style:class="text"><style:paragraph-properties fo:margin-top="0.423cm" fo:margin-bottom="0.212cm" loext:contextual-spacing="false" fo:keep-with-next="always"/><style:text-properties style:font-name="Liberation Sans" fo:font-family="&apos;Liberation Sans&apos;" style:font-family-generic="roman" style:font-pitch="variable" fo:font-size="14pt" style:font-name-asian="Microsoft YaHei" style:font-family-asian="&apos;Microsoft YaHei&apos;" style:font-family-generic-asian="system" style:font-pitch-asian="variable" style:font-size-asian="14pt" style:font-name-complex="Lucida Sans" style:font-family-complex="&apos;Lucida Sans&apos;" style:font-family-generic-complex="system" style:font-pitch-complex="variable" style:font-size-complex="14pt"/></style:style><style:style style:name="Text_20_body" style:display-name="Text body" style:family="paragraph" style:parent-style-name="Standard" style:default-outline-level="" style:class="text"><style:paragraph-properties fo:margin-top="0cm" fo:margin-bottom="0.247cm" loext:contextual-spacing="false" fo:line-height="120%"/></style:style><style:style style:name="List" style:family="paragraph" style:parent-style-name="Text_20_body" style:default-outline-level="" style:class="list"><style:text-properties style:font-name-complex="Lucida Sans" style:font-family-complex="&apos;Lucida Sans&apos;" style:font-family-generic-complex="system" style:font-pitch-complex="variable"/></style:style><style:style style:name="Caption" style:family="paragraph" style:parent-style-name="Standard" style:default-outline-level="" style:class="extra"><style:paragraph-properties fo:margin-top="0.212cm" fo:margin-bottom="0.212cm" loext:contextual-spacing="false" text:number-lines="false" text:line-number="0"/><style:text-properties fo:font-size="12pt" fo:font-style="italic" style:font-size-asian="12pt" style:font-style-asian="italic" style:font-name-complex="Lucida Sans" style:font-family-complex="&apos;Lucida Sans&apos;" style:font-family-generic-complex="system" style:font-pitch-complex="variable" style:font-size-complex="12pt" style:font-style-complex="italic"/></style:style><style:style style:name="Index" style:family="paragraph" style:parent-style-name="Standard" style:default-outline-level="" style:class="index"><style:paragraph-properties text:number-lines="false" text:line-number="0"/><style:text-properties style:font-name-complex="Lucida Sans" style:font-family-complex="&apos;Lucida Sans&apos;" style:font-family-generic-complex="system" style:font-pitch-complex="variable"/></style:style><style:style style:name="Heading_20_1" style:display-name="Heading 1" style:family="paragraph" style:parent-style-name="Standard" style:next-style-name="Standard" style:default-outline-level="1" style:list-style-name="" style:class="text"><style:paragraph-properties fo:margin-top="0.564cm" fo:margin-bottom="0.071cm" loext:contextual-spacing="false" fo:keep-together="always" fo:keep-with-next="always"/><style:text-properties fo:text-transform="uppercase" style:font-name="Calibri Light" fo:font-family="&apos;Calibri Light&apos;" style:font-family-generic="roman" style:font-pitch="variable" fo:font-size="14pt" fo:letter-spacing="0.007cm" fo:font-weight="bold" style:font-name-asian="ＭＳ ゴシック" style:font-family-asian="&apos;ＭＳ ゴシック&apos;" style:font-family-generic-asian="system" style:font-pitch-asian="variable" style:font-size-asian="14pt" style:font-weight-asian="bold" style:font-name-complex="Tahoma" style:font-family-complex="Tahoma" style:font-family-generic-complex="system" style:font-pitch-complex="variable" style:font-size-complex="14pt" style:font-weight-complex="bold"/></style:style><style:style style:name="Heading_20_2" style:display-name="Heading 2" style:family="paragraph" style:parent-style-name="Standard" style:next-style-name="Standard" style:default-outline-level="2" style:list-style-name="" style:class="text"><style:paragraph-properties fo:margin-top="0.212cm" fo:margin-bottom="0cm" loext:contextual-spacing="false" fo:keep-together="always" fo:keep-with-next="always"/><style:text-properties style:font-name="Calibri Light" fo:font-family="&apos;Calibri Light&apos;" style:font-family-generic="roman" style:font-pitch="variable" fo:font-size="14pt" fo:font-weight="bold" style:font-name-asian="ＭＳ ゴシック" style:font-family-asian="&apos;ＭＳ ゴシック&apos;" style:font-family-generic-asian="system" style:font-pitch-asian="variable" style:font-size-asian="14pt" style:font-weight-asian="bold" style:font-name-complex="Tahoma" style:font-family-complex="Tahoma" style:font-family-generic-complex="system" style:font-pitch-complex="variable" style:font-size-complex="14pt" style:font-weight-complex="bold"/></style:style><style:style style:name="Heading_20_3" style:display-name="Heading 3" style:family="paragraph" style:parent-style-name="Standard" style:next-style-name="Standard" style:default-outline-level="3" style:list-style-name="" style:class="text"><style:paragraph-properties fo:margin-top="0.212cm" fo:margin-bottom="0cm" loext:contextual-spacing="false" fo:keep-together="always" fo:keep-with-next="always"/><style:text-properties style:font-name="Calibri Light" fo:font-family="&apos;Calibri Light&apos;" style:font-family-generic="roman" style:font-pitch="variable" fo:font-size="12pt" fo:letter-spacing="0.007cm" style:font-name-asian="ＭＳ ゴシック" style:font-family-asian="&apos;ＭＳ ゴシック&apos;" style:font-family-generic-asian="system" style:font-pitch-asian="variable" style:font-size-asian="12pt" style:font-name-complex="Tahoma" style:font-family-complex="Tahoma" style:font-family-generic-complex="system" style:font-pitch-complex="variable" style:font-size-complex="12pt"/></style:style><style:style style:name="Heading_20_4" style:display-name="Heading 4" style:family="paragraph" style:parent-style-name="Standard" style:next-style-name="Standard" style:default-outline-level="4" style:list-style-name="" style:class="text"><style:paragraph-properties fo:margin-top="0.212cm" fo:margin-bottom="0cm" loext:contextual-spacing="false" fo:keep-together="always" fo:keep-with-next="always"/><style:text-properties style:font-name="Calibri Light" fo:font-family="&apos;Calibri Light&apos;" style:font-family-generic="roman" style:font-pitch="variable" fo:font-size="12pt" fo:font-style="italic" style:font-name-asian="ＭＳ ゴシック" style:font-family-asian="&apos;ＭＳ ゴシック&apos;" style:font-family-generic-asian="system" style:font-pitch-asian="variable" style:font-size-asian="12pt" style:font-style-asian="italic" style:font-name-complex="Tahoma" style:font-family-complex="Tahoma" style:font-family-generic-complex="system" style:font-pitch-complex="variable" style:font-size-complex="12pt" style:font-style-complex="italic"/></style:style><style:style style:name="Heading_20_5" style:display-name="Heading 5" style:family="paragraph" style:parent-style-name="Standard" style:next-style-name="Standard" style:default-outline-level="5" style:list-style-name="" style:class="text"><style:paragraph-properties fo:margin-top="0.212cm" fo:margin-bottom="0cm" loext:contextual-spacing="false" fo:keep-together="always" fo:keep-with-next="always"/><style:text-properties style:font-name="Calibri Light" fo:font-family="&apos;Calibri Light&apos;" style:font-family-generic="roman" style:font-pitch="variable" fo:font-weight="bold" style:font-name-asian="ＭＳ ゴシック" style:font-family-asian="&apos;ＭＳ ゴシック&apos;" style:font-family-generic-asian="system" style:font-pitch-asian="variable" style:font-weight-asian="bold" style:font-name-complex="Tahoma" style:font-family-complex="Tahoma" style:font-family-generic-complex="system" style:font-pitch-complex="variable" style:font-weight-complex="bold"/></style:style><style:style style:name="Heading_20_6" style:display-name="Heading 6" style:family="paragraph" style:parent-style-name="Standard" style:next-style-name="Standard" style:default-outline-level="6" style:list-style-name="" style:class="text"><style:paragraph-properties fo:margin-top="0.212cm" fo:margin-bottom="0cm" loext:contextual-spacing="false" fo:keep-together="always" fo:keep-with-next="always"/><style:text-properties style:font-name="Calibri Light" fo:font-family="&apos;Calibri Light&apos;" style:font-family-generic="roman" style:font-pitch="variable" fo:font-style="italic" fo:font-weight="bold" style:font-name-asian="ＭＳ ゴシック" style:font-family-asian="&apos;ＭＳ ゴシック&apos;" style:font-family-generic-asian="system" style:font-pitch-asian="variable" style:font-style-asian="italic" style:font-weight-asian="bold" style:font-name-complex="Tahoma" style:font-family-complex="Tahoma" style:font-family-generic-complex="system" style:font-pitch-complex="variable" style:font-style-complex="italic" style:font-weight-complex="bold"/></style:style><style:style style:name="Heading_20_7" style:display-name="Heading 7" style:family="paragraph" style:parent-style-name="Standard" style:next-style-name="Standard" style:default-outline-level="7" style:list-style-name="" style:class="text"><style:paragraph-properties fo:margin-top="0.212cm" fo:margin-bottom="0cm" loext:contextual-spacing="false" fo:keep-together="always" fo:keep-with-next="always"/><style:text-properties fo:font-style="italic" style:font-style-asian="italic" style:font-style-complex="italic"/></style:style><style:style style:name="Heading_20_8" style:display-name="Heading 8" style:family="paragraph" style:parent-style-name="Standard" style:next-style-name="Standard" style:default-outline-level="8" style:list-style-name="" style:class="text"><style:paragraph-properties fo:margin-top="0.212cm" fo:margin-bottom="0cm" loext:contextual-spacing="false" fo:keep-together="always" fo:keep-with-next="always"/><style:text-properties fo:font-weight="bold" style:font-weight-asian="bold" style:font-weight-complex="bold"/></style:style><style:style style:name="Heading_20_9" style:display-name="Heading 9" style:family="paragraph" style:parent-style-name="Standard" style:next-style-name="Standard" style:default-outline-level="9" style:list-style-name="" style:class="text"><style:paragraph-properties fo:margin-top="0.212cm" fo:margin-bottom="0cm" loext:contextual-spacing="false" fo:keep-together="always" fo:keep-with-next="always"/><style:text-properties fo:font-style="italic" style:font-style-asian="italic" style:font-style-complex="italic"/></style:style><style:style style:name="TOC_20_Heading" style:display-name="TOC Heading" style:family="paragraph" style:parent-style-name="Heading_20_1" style:next-style-name="Standard" style:default-outline-level=""/><style:style style:name="Contents_20_2" style:display-name="Contents 2" style:family="paragraph" style:parent-style-name="Standard" style:next-style-name="Standard" style:auto-update="true" style:default-outline-level="" style:class="index"><style:paragraph-properties fo:margin-left="0.388cm" fo:margin-right="0cm" fo:margin-top="0cm" fo:margin-bottom="0.176cm" loext:contextual-spacing="false" fo:text-align="start" style:justify-single-word="false" fo:text-indent="0cm" style:auto-text-indent="false" style:writing-mode="lr-tb"><style:tab-stops><style:tab-stop style:position="14.695cm" style:leader-style="dotted" style:leader-text="."/></style:tab-stops></style:paragraph-properties><style:text-properties style:language-asian="de" style:country-asian="DE" style:font-name-complex="Times New Roman" style:font-family-complex="&apos;Times New Roman&apos;" style:font-family-generic-complex="system" style:font-pitch-complex="variable"/></style:style><style:style style:name="Contents_20_1" style:display-name="Contents 1" style:family="paragraph" style:parent-style-name="Standard" style:next-style-name="Standard" style:auto-update="true" style:default-outline-level="" style:class="index"><style:paragraph-properties fo:margin-top="0cm" fo:margin-bottom="0.176cm" loext:contextual-spacing="false"/><style:text-properties style:language-asian="de" style:country-asian="DE" style:font-name-complex="Times New Roman" style:font-family-complex="&apos;Times New Roman&apos;" style:font-family-generic-complex="system" style:font-pitch-complex="variable"/></style:style><style:style style:name="Contents_20_3" style:display-name="Contents 3" style:family="paragraph" style:parent-style-name="Standard" style:next-style-name="Standard" style:auto-update="true" style:default-outline-level="" style:class="index"><style:paragraph-properties fo:margin-left="0.776cm" fo:margin-right="0cm" fo:margin-top="0cm" fo:margin-bottom="0.176cm" loext:contextual-spacing="false" fo:text-indent="0cm" style:auto-text-indent="false"/><style:text-properties style:language-asian="de" style:country-asian="DE" style:font-name-complex="Times New Roman" style:font-family-complex="&apos;Times New Roman&apos;" style:font-family-generic-complex="system" style:font-pitch-complex="variable"/></style:style><style:style style:name="caption" style:family="paragraph" style:parent-style-name="Standard" style:next-style-name="Standard" style:default-outline-level=""><style:text-properties fo:font-size="9pt" fo:font-weight="bold" style:font-size-asian="9pt" style:font-weight-asian="bold" style:font-size-complex="9pt" style:font-weight-complex="bold"/></style:style><style:style style:name="Title" style:family="paragraph" style:parent-style-name="Standard" style:next-style-name="Standard" style:default-outline-level="" style:class="chapter"><style:paragraph-properties fo:margin-top="0cm" fo:margin-bottom="0cm" loext:contextual-spacing="true" fo:line-height="100%" fo:text-align="center" style:justify-single-word="false"/><style:text-properties style:font-name="Calibri Light" fo:font-family="&apos;Calibri Light&apos;" style:font-family-generic="roman" style:font-pitch="variable" fo:font-size="24pt" fo:letter-spacing="-0.012cm" fo:font-weight="bold" style:font-name-asian="ＭＳ ゴシック" style:font-family-asian="&apos;ＭＳ ゴシック&apos;" style:font-family-generic-asian="system" style:font-pitch-asian="variable" style:font-size-asian="24pt" style:font-weight-asian="bold" style:font-name-complex="Tahoma" style:font-family-complex="Tahoma" style:font-family-generic-complex="system" style:font-pitch-complex="variable" style:font-size-complex="24pt" style:font-weight-complex="bold"/></style:style><style:style style:name="Subtitle" style:family="paragraph" style:parent-style-name="Standard" style:next-style-name="Standard" style:default-outline-level="" style:class="chapter"><style:paragraph-properties fo:margin-top="0cm" fo:margin-bottom="0.423cm" loext:contextual-spacing="false" fo:text-align="center" style:justify-single-word="false"/><style:text-properties style:font-name="Calibri Light" fo:font-family="&apos;Calibri Light&apos;" style:font-family-generic="roman" style:font-pitch="variable" fo:font-size="12pt" style:font-name-asian="ＭＳ ゴシック" style:font-family-asian="&apos;ＭＳ ゴシック&apos;" style:font-family-generic-asian="system" style:font-pitch-asian="variable" style:font-size-asian="12pt" style:font-name-complex="Tahoma" style:font-family-complex="Tahoma" style:font-family-generic-complex="system" style:font-pitch-complex="variable" style:font-size-complex="12pt"/></style:style><style:style style:name="No_20_Spacing" style:display-name="No Spacing" style:family="paragraph" style:default-outline-level=""><style:paragraph-properties fo:margin-top="0cm" fo:margin-bottom="0cm" loext:contextual-spacing="false" fo:line-height="100%" fo:text-align="start" style:justify-single-word="false" fo:orphans="2" fo:widows="2" style:writing-mode="lr-tb"/><style:text-properties fo:color="#00000a" style:font-name="Calibri" fo:font-family="Calibri" style:font-family-generic="roman" style:font-pitch="variable" fo:font-size="11pt" fo:language="de" fo:country="DE" style:font-name-asian="ＭＳ 明朝" style:font-family-asian="&apos;ＭＳ 明朝&apos;" style:font-family-generic-asian="system" style:font-pitch-asian="variable" style:font-size-asian="11pt" style:language-asian="en" style:country-asian="US" style:font-name-complex="Tahoma" style:font-family-complex="Tahoma" style:font-family-generic-complex="system" style:font-pitch-complex="variable" style:font-size-complex="11pt" style:language-complex="ar" style:country-complex="SA"/></style:style><style:style style:name="Quote" style:family="paragraph" style:parent-style-name="Standard" style:next-style-name="Standard" style:default-outline-level=""><style:paragraph-properties fo:margin-left="1.524cm" fo:margin-right="1.524cm" fo:margin-top="0.353cm" fo:margin-bottom="0.282cm" loext:contextual-spacing="false" fo:line-height="110%" fo:text-align="center" style:justify-single-word="false" fo:text-indent="0cm" style:auto-text-indent="false"/><style:text-properties style:font-name="Calibri Light" fo:font-family="&apos;Calibri Light&apos;" style:font-family-generic="roman" style:font-pitch="variable" fo:font-size="12pt" fo:font-style="italic" style:font-name-asian="ＭＳ ゴシック" style:font-family-asian="&apos;ＭＳ ゴシック&apos;" style:font-family-generic-asian="system" style:font-pitch-asian="variable" style:font-size-asian="12pt" style:font-style-asian="italic" style:font-name-complex="Tahoma" style:font-family-complex="Tahoma" style:font-family-generic-complex="system" style:font-pitch-complex="variable" style:font-size-complex="12pt" style:font-style-complex="italic"/></style:style><style:style style:name="Intense_20_Quote" style:display-name="Intense Quote" style:family="paragraph" style:parent-style-name="Standard" style:next-style-name="Standard" style:default-outline-level=""><style:paragraph-properties fo:margin-left="1.651cm" fo:margin-right="1.651cm" fo:margin-top="0.494cm" fo:margin-bottom="0.423cm" loext:contextual-spacing="false" fo:text-align="center" style:justify-single-word="false" fo:text-indent="0cm" style:auto-text-indent="false"/><style:text-properties style:font-name="Calibri Light" fo:font-family="&apos;Calibri Light&apos;" style:font-family-generic="roman" style:font-pitch="variable" fo:font-size="13pt" style:font-name-asian="ＭＳ ゴシック" style:font-family-asian="&apos;ＭＳ ゴシック&apos;" style:font-family-generic-asian="system" style:font-pitch-asian="variable" style:font-size-asian="13pt" style:font-name-complex="Tahoma" style:font-family-complex="Tahoma" style:font-family-generic-complex="system" style:font-pitch-complex="variable" style:font-size-complex="13pt"/></style:style><style:style style:name="List_20_Paragraph" style:display-name="List Paragraph" style:family="paragraph" style:parent-style-name="Standard" style:default-outline-level=""><style:paragraph-properties fo:margin-left="1.27cm" fo:margin-right="0cm" fo:margin-top="0cm" fo:margin-bottom="0.282cm" loext:contextual-spacing="true" fo:text-indent="0cm" style:auto-text-indent="false"/></style:style><style:style style:name="Header" style:family="paragraph" style:parent-style-name="Standard" style:default-outline-level="" style:class="extra"><style:paragraph-properties fo:margin-top="0cm" fo:margin-bottom="0cm" loext:contextual-spacing="false" fo:line-height="100%"><style:tab-stops><style:tab-stop style:position="8.001cm" style:type="center"/><style:tab-stop style:position="16.002cm" style:type="right"/></style:tab-stops></style:paragraph-properties></style:style><style:style style:name="Footer" style:family="paragraph" style:parent-style-name="Standard" style:default-outline-level="" style:class="extra"><style:paragraph-properties fo:margin-top="0cm" fo:margin-bottom="0cm" loext:contextual-spacing="false" fo:line-height="100%"><style:tab-stops><style:tab-stop style:position="8.001cm" style:type="center"/><style:tab-stop style:position="16.002cm" style:type="right"/></style:tab-stops></style:paragraph-properties></style:style><style:style style:name="TOA_20_Heading" style:display-name="TOA Heading" style:family="paragraph" style:parent-style-name="Heading" style:default-outline-level=""/><style:style style:name="Default_20_Paragraph_20_Font" style:display-name="Default Paragraph Font" style:family="text"/><style:style style:name="Überschrift_20_1_20_Zchn" style:display-name="Überschrift 1 Zchn" style:family="text" style:parent-style-name="Default_20_Paragraph_20_Font"><style:text-properties fo:text-transform="uppercase" style:font-name="Calibri Light" fo:font-family="&apos;Calibri Light&apos;" style:font-family-generic="roman" style:font-pitch="variable" fo:font-size="14pt" fo:letter-spacing="0.007cm" fo:font-weight="bold" style:font-name-asian="ＭＳ ゴシック" style:font-family-asian="&apos;ＭＳ ゴシック&apos;" style:font-family-generic-asian="system" style:font-pitch-asian="variable" style:font-size-asian="14pt" style:font-weight-asian="bold" style:font-name-complex="Tahoma" style:font-family-complex="Tahoma" style:font-family-generic-complex="system" style:font-pitch-complex="variable" style:font-size-complex="14pt" style:font-weight-complex="bold"/></style:style><style:style style:name="Überschrift_20_2_20_Zchn" style:display-name="Überschrift 2 Zchn" style:family="text" style:parent-style-name="Default_20_Paragraph_20_Font"><style:text-properties style:font-name="Calibri Light" fo:font-family="&apos;Calibri Light&apos;" style:font-family-generic="roman" style:font-pitch="variable" fo:font-size="14pt" fo:font-weight="bold" style:font-name-asian="ＭＳ ゴシック" style:font-family-asian="&apos;ＭＳ ゴシック&apos;" style:font-family-generic-asian="system" style:font-pitch-asian="variable" style:font-size-asian="14pt" style:font-weight-asian="bold" style:font-name-complex="Tahoma" style:font-family-complex="Tahoma" style:font-family-generic-complex="system" style:font-pitch-complex="variable" style:font-size-complex="14pt" style:font-weight-complex="bold"/></style:style><style:style style:name="Überschrift_20_3_20_Zchn" style:display-name="Überschrift 3 Zchn" style:family="text" style:parent-style-name="Default_20_Paragraph_20_Font"><style:text-properties style:font-name="Calibri Light" fo:font-family="&apos;Calibri Light&apos;" style:font-family-generic="roman" style:font-pitch="variable" fo:font-size="12pt" fo:letter-spacing="0.007cm" style:font-name-asian="ＭＳ ゴシック" style:font-family-asian="&apos;ＭＳ ゴシック&apos;" style:font-family-generic-asian="system" style:font-pitch-asian="variable" style:font-size-asian="12pt" style:font-name-complex="Tahoma" style:font-family-complex="Tahoma" style:font-family-generic-complex="system" style:font-pitch-complex="variable" style:font-size-complex="12pt"/></style:style><style:style style:name="Überschrift_20_4_20_Zchn" style:display-name="Überschrift 4 Zchn" style:family="text" style:parent-style-name="Default_20_Paragraph_20_Font"><style:text-properties style:font-name="Calibri Light" fo:font-family="&apos;Calibri Light&apos;" style:font-family-generic="roman" style:font-pitch="variable" fo:font-size="12pt" fo:font-style="italic" style:font-name-asian="ＭＳ ゴシック" style:font-family-asian="&apos;ＭＳ ゴシック&apos;" style:font-family-generic-asian="system" style:font-pitch-asian="variable" style:font-size-asian="12pt" style:font-style-asian="italic" style:font-name-complex="Tahoma" style:font-family-complex="Tahoma" style:font-family-generic-complex="system" style:font-pitch-complex="variable" style:font-size-complex="12pt" style:font-style-complex="italic"/></style:style><style:style style:name="Überschrift_20_5_20_Zchn" style:display-name="Überschrift 5 Zchn" style:family="text" style:parent-style-name="Default_20_Paragraph_20_Font"><style:text-properties style:font-name="Calibri Light" fo:font-family="&apos;Calibri Light&apos;" style:font-family-generic="roman" style:font-pitch="variable" fo:font-weight="bold" style:font-name-asian="ＭＳ ゴシック" style:font-family-asian="&apos;ＭＳ ゴシック&apos;" style:font-family-generic-asian="system" style:font-pitch-asian="variable" style:font-weight-asian="bold" style:font-name-complex="Tahoma" style:font-family-complex="Tahoma" style:font-family-generic-complex="system" style:font-pitch-complex="variable" style:font-weight-complex="bold"/></style:style><style:style style:name="Überschrift_20_6_20_Zchn" style:display-name="Überschrift 6 Zchn" style:family="text" style:parent-style-name="Default_20_Paragraph_20_Font"><style:text-properties style:font-name="Calibri Light" fo:font-family="&apos;Calibri Light&apos;" style:font-family-generic="roman" style:font-pitch="variable" fo:font-style="italic" fo:font-weight="bold" style:font-name-asian="ＭＳ ゴシック" style:font-family-asian="&apos;ＭＳ ゴシック&apos;" style:font-family-generic-asian="system" style:font-pitch-asian="variable" style:font-style-asian="italic" style:font-weight-asian="bold" style:font-name-complex="Tahoma" style:font-family-complex="Tahoma" style:font-family-generic-complex="system" style:font-pitch-complex="variable" style:font-style-complex="italic" style:font-weight-complex="bold"/></style:style><style:style style:name="Überschrift_20_7_20_Zchn" style:display-name="Überschrift 7 Zchn" style:family="text" style:parent-style-name="Default_20_Paragraph_20_Font"><style:text-properties fo:font-style="italic" style:font-style-asian="italic" style:font-style-complex="italic"/></style:style><style:style style:name="Überschrift_20_8_20_Zchn" style:display-name="Überschrift 8 Zchn" style:family="text" style:parent-style-name="Default_20_Paragraph_20_Font"><style:text-properties fo:font-weight="bold" style:font-weight-asian="bold" style:font-weight-complex="bold"/></style:style><style:style style:name="Überschrift_20_9_20_Zchn" style:display-name="Überschrift 9 Zchn" style:family="text" style:parent-style-name="Default_20_Paragraph_20_Font"><style:text-properties fo:font-style="italic" style:font-style-asian="italic" style:font-style-complex="italic"/></style:style><style:style style:name="Titel_20_Zchn" style:display-name="Titel Zchn" style:family="text" style:parent-style-name="Default_20_Paragraph_20_Font"><style:text-properties style:font-name="Calibri Light" fo:font-family="&apos;Calibri Light&apos;" style:font-family-generic="roman" style:font-pitch="variable" fo:font-size="24pt" fo:letter-spacing="-0.012cm" fo:font-weight="bold" style:font-name-asian="ＭＳ ゴシック" style:font-family-asian="&apos;ＭＳ ゴシック&apos;" style:font-family-generic-asian="system" style:font-pitch-asian="variable" style:font-size-asian="24pt" style:font-weight-asian="bold" style:font-name-complex="Tahoma" style:font-family-complex="Tahoma" style:font-family-generic-complex="system" style:font-pitch-complex="variable" style:font-size-complex="24pt" style:font-weight-complex="bold"/></style:style><style:style style:name="Untertitel_20_Zchn" style:display-name="Untertitel Zchn" style:family="text" style:parent-style-name="Default_20_Paragraph_20_Font"><style:text-properties style:font-name="Calibri Light" fo:font-family="&apos;Calibri Light&apos;" style:font-family-generic="roman" style:font-pitch="variable" fo:font-size="12pt" style:font-name-asian="ＭＳ ゴシック" style:font-family-asian="&apos;ＭＳ ゴシック&apos;" style:font-family-generic-asian="system" style:font-pitch-asian="variable" style:font-size-asian="12pt" style:font-name-complex="Tahoma" style:font-family-complex="Tahoma" style:font-family-generic-complex="system" style:font-pitch-complex="variable" style:font-size-complex="12pt"/></style:style><style:style style:name="Strong" style:family="text" style:parent-style-name="Default_20_Paragraph_20_Font"><style:text-properties fo:color="#00000a" fo:font-weight="bold" style:font-weight-asian="bold" style:font-weight-complex="bold"/></style:style><style:style style:name="Emphasis" style:family="text" style:parent-style-name="Default_20_Paragraph_20_Font"><style:text-properties fo:color="#00000a" fo:font-style="italic" style:font-style-asian="italic" style:font-style-complex="italic"/></style:style><style:style style:name="Zitat_20_Zchn" style:display-name="Zitat Zchn" style:family="text" style:parent-style-name="Default_20_Paragraph_20_Font"><style:text-properties style:font-name="Calibri Light" fo:font-family="&apos;Calibri Light&apos;" style:font-family-generic="roman" style:font-pitch="variable" fo:font-size="12pt" fo:font-style="italic" style:font-name-asian="ＭＳ ゴシック" style:font-family-asian="&apos;ＭＳ ゴシック&apos;" style:font-family-generic-asian="system" style:font-pitch-asian="variable" style:font-size-asian="12pt" style:font-style-asian="italic" style:font-name-complex="Tahoma" style:font-family-complex="Tahoma" style:font-family-generic-complex="system" style:font-pitch-complex="variable" style:font-size-complex="12pt" style:font-style-complex="italic"/></style:style><style:style style:name="Intensives_20_Zitat_20_Zchn" style:display-name="Intensives Zitat Zchn" style:family="text" style:parent-style-name="Default_20_Paragraph_20_Font"><style:text-properties style:font-name="Calibri Light" fo:font-family="&apos;Calibri Light&apos;" style:font-family-generic="roman" style:font-pitch="variable" fo:font-size="13pt" style:font-name-asian="ＭＳ ゴシック" style:font-family-asian="&apos;ＭＳ ゴシック&apos;" style:font-family-generic-asian="system" style:font-pitch-asian="variable" style:font-size-asian="13pt" style:font-name-complex="Tahoma" style:font-family-complex="Tahoma" style:font-family-generic-complex="system" style:font-pitch-complex="variable" style:font-size-complex="13pt"/></style:style><style:style style:name="Subtle_20_Emphasis" style:display-name="Subtle Emphasis" style:family="text" style:parent-style-name="Default_20_Paragraph_20_Font"><style:text-properties fo:color="#00000a" fo:font-style="italic" style:font-style-asian="italic" style:font-style-complex="italic"/></style:style><style:style style:name="Intense_20_Emphasis" style:display-name="Intense Emphasis" style:family="text" style:parent-style-name="Default_20_Paragraph_20_Font"><style:text-properties fo:color="#00000a" fo:font-style="italic" fo:font-weight="bold" style:font-style-asian="italic" style:font-weight-asian="bold" style:font-style-complex="italic" style:font-weight-complex="bold"/></style:style><style:style style:name="Subtle_20_Reference" style:display-name="Subtle Reference" style:family="text" style:parent-style-name="Default_20_Paragraph_20_Font"><style:text-properties fo:font-variant="small-caps" fo:color="#00000a" style:text-underline-style="solid" style:text-underline-width="auto" style:text-underline-color="#7f7f7f"/></style:style><style:style style:name="Intense_20_Reference" style:display-name="Intense Reference" style:family="text" style:parent-style-name="Default_20_Paragraph_20_Font"><style:text-properties fo:font-variant="small-caps" fo:color="#00000a" style:text-underline-style="solid" style:text-underline-width="auto" style:text-underline-color="font-color" fo:font-weight="bold" style:font-weight-asian="bold" style:font-weight-complex="bold"/></style:style><style:style style:name="Book_20_Title" style:display-name="Book Title" style:family="text" style:parent-style-name="Default_20_Paragraph_20_Font"><style:text-properties fo:font-variant="small-caps" fo:color="#00000a" fo:font-weight="bold" style:font-weight-asian="bold" style:font-weight-complex="bold"/></style:style><style:style style:name="Kopfzeile_20_Zchn" style:display-name="Kopfzeile Zchn" style:family="text" style:parent-style-name="Default_20_Paragraph_20_Font"/><style:style style:name="Fußzeile_20_Zchn" style:display-name="Fußzeile Zchn" style:family="text" style:parent-style-name="Default_20_Paragraph_20_Font"/><style:style style:name="ListLabel_20_1" style:display-name="ListLabel 1" style:family="text"><style:text-properties style:font-name-asian="ＭＳ 明朝" style:font-family-asian="&apos;ＭＳ 明朝&apos;" style:font-family-generic-asian="system" style:font-pitch-asian="variable" style:font-name-complex="Tahoma" style:font-family-complex="Tahoma" style:font-family-generic-complex="system" style:font-pitch-complex="variable"/></style:style><style:style style:name="ListLabel_20_2" style:display-name="ListLabel 2" style:family="text"><style:text-properties style:font-name-complex="Courier New" style:font-family-complex="&apos;Courier New&apos;" style:font-family-generic-complex="system" style:font-pitch-complex="variable"/></style:style><style:style style:name="ListLabel_20_3" style:display-name="ListLabel 3" style:family="text"><style:text-properties style:font-name-complex="Courier New" style:font-family-complex="&apos;Courier New&apos;" style:font-family-generic-complex="system" style:font-pitch-complex="variable"/></style:style><style:style style:name="ListLabel_20_4" style:display-name="ListLabel 4" style:family="text"><style:text-properties style:font-name-complex="Courier New" style:font-family-complex="&apos;Courier New&apos;" style:font-family-generic-complex="system" style:font-pitch-complex="variable"/></style:style><style:style style:name="ListLabel_20_5" style:display-name="ListLabel 5" style:family="text"><style:text-properties style:font-name-asian="ＭＳ 明朝" style:font-family-asian="&apos;ＭＳ 明朝&apos;" style:font-family-generic-asian="system" style:font-pitch-asian="variable" style:font-name-complex="Tahoma" style:font-family-complex="Tahoma" style:font-family-generic-complex="system" style:font-pitch-complex="variable"/></style:style><style:style style:name="ListLabel_20_6" style:display-name="ListLabel 6" style:family="text"><style:text-properties style:font-name-complex="Courier New" style:font-family-complex="&apos;Courier New&apos;" style:font-family-generic-complex="system" style:font-pitch-complex="variable"/></style:style><style:style style:name="ListLabel_20_7" style:display-name="ListLabel 7" style:family="text"><style:text-properties style:font-name-complex="Courier New" style:font-family-complex="&apos;Courier New&apos;" style:font-family-generic-complex="system" style:font-pitch-complex="variable"/></style:style><style:style style:name="ListLabel_20_8" style:display-name="ListLabel 8" style:family="text"><style:text-properties style:font-name-complex="Courier New" style:font-family-complex="&apos;Courier New&apos;" style:font-family-generic-complex="system" style:font-pitch-complex="variable"/></style:style><text:outline-style style:name="Outline"><text:outline-level-style text:level="1" style:num-format=""><style:list-level-properties text:list-level-position-and-space-mode="label-alignment"><style:list-level-label-alignment text:label-followed-by="listtab" text:list-tab-stop-position="0.762cm" fo:text-indent="-0.762cm" fo:margin-left="0.762cm"/></style:list-level-properties></text:outline-level-style><text:outline-level-style text:level="2" style:num-format=""><style:list-level-properties text:list-level-position-and-space-mode="label-alignment"><style:list-level-label-alignment text:label-followed-by="listtab" text:list-tab-stop-position="1.016cm" fo:text-indent="-1.016cm" fo:margin-left="1.016cm"/></style:list-level-properties></text:outline-level-style><text:outline-level-style text:level="3" style:num-format=""><style:list-level-properties text:list-level-position-and-space-mode="label-alignment"><style:list-level-label-alignment text:label-followed-by="listtab" text:list-tab-stop-position="1.27cm" fo:text-indent="-1.27cm" fo:margin-left="1.27cm"/></style:list-level-properties></text:outline-level-style><text:outline-level-style text:level="4" style:num-format=""><style:list-level-properties text:list-level-position-and-space-mode="label-alignment"><style:list-level-label-alignment text:label-followed-by="listtab" text:list-tab-stop-position="1.524cm" fo:text-indent="-1.524cm" fo:margin-left="1.524cm"/></style:list-level-properties></text:outline-level-style><text:outline-level-style text:level="5" style:num-format=""><style:list-level-properties text:list-level-position-and-space-mode="label-alignment"><style:list-level-label-alignment text:label-followed-by="listtab" text:list-tab-stop-position="1.778cm" fo:text-indent="-1.778cm" fo:margin-left="1.778cm"/></style:list-level-properties></text:outline-level-style><text:outline-level-style text:level="6" style:num-format=""><style:list-level-properties text:list-level-position-and-space-mode="label-alignment"><style:list-level-label-alignment text:label-followed-by="listtab" text:list-tab-stop-position="2.032cm" fo:text-indent="-2.032cm" fo:margin-left="2.032cm"/></style:list-level-properties></text:outline-level-style><text:outline-level-style text:level="7" style:num-format=""><style:list-level-properties text:list-level-position-and-space-mode="label-alignment"><style:list-level-label-alignment text:label-followed-by="listtab" text:list-tab-stop-position="2.286cm" fo:text-indent="-2.286cm" fo:margin-left="2.286cm"/></style:list-level-properties></text:outline-level-style><text:outline-level-style text:level="8" style:num-format=""><style:list-level-properties text:list-level-position-and-space-mode="label-alignment"><style:list-level-label-alignment text:label-followed-by="listtab" text:list-tab-stop-position="2.54cm" fo:text-indent="-2.54cm" fo:margin-left="2.54cm"/></style:list-level-properties></text:outline-level-style><text:outline-level-style text:level="9" style:num-format=""><style:list-level-properties text:list-level-position-and-space-mode="label-alignment"><style:list-level-label-alignment text:label-followed-by="listtab" text:list-tab-stop-position="2.794cm" fo:text-indent="-2.794cm" fo:margin-left="2.794cm"/></style:list-level-properties></text:outline-level-style><text:outline-level-style text:level="10" style:num-format=""><style:list-level-properties text:list-level-position-and-space-mode="label-alignment"><style:list-level-label-alignment text:label-followed-by="listtab" text:list-tab-stop-position="3.048cm" fo:text-indent="-3.048cm" fo:margin-left="3.048cm"/></style:list-level-properties></text:outline-level-style></text:outline-style><text:list-style style:name="No_20_List" style:display-name="No List"><text:list-level-style-number text:level="1" style:num-suffix="." style:num-format=""><style:list-level-properties text:list-level-position-and-space-mode="label-alignment"><style:list-level-label-alignment text:label-followed-by="listtab" text:list-tab-stop-position="1.27cm" fo:text-indent="-0.635cm" fo:margin-left="1.27cm"/></style:list-level-properties></text:list-level-style-number><text:list-level-style-number text:level="2" style:num-suffix="." style:num-format=""><style:list-level-properties text:list-level-position-and-space-mode="label-alignment"><style:list-level-label-alignment text:label-followed-by="listtab" text:list-tab-stop-position="1.905cm" fo:text-indent="-0.635cm" fo:margin-left="1.905cm"/></style:list-level-properties></text:list-level-style-number><text:list-level-style-number text:level="3" style:num-suffix="." style:num-format=""><style:list-level-properties text:list-level-position-and-space-mode="label-alignment"><style:list-level-label-alignment text:label-followed-by="listtab" text:list-tab-stop-position="2.54cm" fo:text-indent="-0.635cm" fo:margin-left="2.54cm"/></style:list-level-properties></text:list-level-style-number><text:list-level-style-number text:level="4" style:num-suffix="." style:num-format=""><style:list-level-properties text:list-level-position-and-space-mode="label-alignment"><style:list-level-label-alignment text:label-followed-by="listtab" text:list-tab-stop-position="3.175cm" fo:text-indent="-0.635cm" fo:margin-left="3.175cm"/></style:list-level-properties></text:list-level-style-number><text:list-level-style-number text:level="5" style:num-suffix="." style:num-format=""><style:list-level-properties text:list-level-position-and-space-mode="label-alignment"><style:list-level-label-alignment text:label-followed-by="listtab" text:list-tab-stop-position="3.81cm" fo:text-indent="-0.635cm" fo:margin-left="3.81cm"/></style:list-level-properties></text:list-level-style-number><text:list-level-style-number text:level="6" style:num-suffix="." style:num-format=""><style:list-level-properties text:list-level-position-and-space-mode="label-alignment"><style:list-level-label-alignment text:label-followed-by="listtab" text:list-tab-stop-position="4.445cm" fo:text-indent="-0.635cm" fo:margin-left="4.445cm"/></style:list-level-properties></text:list-level-style-number><text:list-level-style-number text:level="7" style:num-suffix="." style:num-format=""><style:list-level-properties text:list-level-position-and-space-mode="label-alignment"><style:list-level-label-alignment text:label-followed-by="listtab" text:list-tab-stop-position="5.08cm" fo:text-indent="-0.635cm" fo:margin-left="5.08cm"/></style:list-level-properties></text:list-level-style-number><text:list-level-style-number text:level="8" style:num-suffix="." style:num-format=""><style:list-level-properties text:list-level-position-and-space-mode="label-alignment"><style:list-level-label-alignment text:label-followed-by="listtab" text:list-tab-stop-position="5.715cm" fo:text-indent="-0.635cm" fo:margin-left="5.715cm"/></style:list-level-properties></text:list-level-style-number><text:list-level-style-number text:level="9" style:num-suffix="." style:num-format=""><style:list-level-properties text:list-level-position-and-space-mode="label-alignment"><style:list-level-label-alignment text:label-followed-by="listtab" text:list-tab-stop-position="6.35cm" fo:text-indent="-0.635cm" fo:margin-left="6.35cm"/></style:list-level-properties></text:list-level-style-number><text:list-level-style-number text:level="10" style:num-suffix="." style:num-format=""><style:list-level-properties text:list-level-position-and-space-mode="label-alignment"><style:list-level-label-alignment text:label-followed-by="listtab" text:list-tab-stop-position="6.985cm" fo:text-indent="-0.635cm" fo:margin-left="6.985cm"/></style:list-level-properties></text:list-level-style-number></text:list-style><text:notes-configuration text:note-class="footnote" style:num-format="1" text:start-value="0" text:footnotes-position="page" text:start-numbering-at="document"/><text:notes-configuration text:note-class="endnote" style:num-format="i" text:start-value="0"/><text:linenumbering-configuration text:number-lines="false" text:offset="0.499cm" style:num-format="1" text:number-position="left" text:increment="5"/><style:default-page-layout><style:page-layout-properties style:writing-mode="lr-tb" style:layout-grid-standard-mode="true"/></style:default-page-layout></office:styles><office:automatic-styles><style:style style:name="MP1" style:family="paragraph" style:parent-style-name="Header"><style:paragraph-properties fo:text-align="end" style:justify-single-word="false"/></style:style><style:style style:name="MP2" style:family="paragraph" style:parent-style-name="Footer"><style:paragraph-properties fo:text-align="center" style:justify-single-word="false"/></style:style><style:page-layout style:name="Mpm1"><style:page-layout-properties fo:page-width="21.001cm" fo:page-height="29.7cm" style:num-format="" style:print-orientation="portrait" fo:margin-top="1.251cm" fo:margin-bottom="1.251cm" fo:margin-left="2.501cm" fo:margin-right="2.501cm" style:writing-mode="lr-tb" style:layout-grid-color="#c0c0c0" style:layout-grid-lines="39" style:layout-grid-base-height="0.423cm" style:layout-grid-ruby-height="0.212cm" style:layout-grid-mode="none" style:layout-grid-ruby-below="false" style:layout-grid-print="false" style:layout-grid-display="false" style:layout-grid-base-width="0.37cm" style:layout-grid-snap-to="true" style:footnote-max-height="0cm"><style:footnote-sep style:width="0.018cm" style:distance-before-sep="0.101cm" style:distance-after-sep="0.101cm" style:line-style="solid" style:adjustment="left" style:rel-width="0%" style:color="#000000"/></style:page-layout-properties><style:header-style><style:header-footer-properties fo:min-height="1.251cm" fo:margin-left="0cm" fo:margin-right="0cm" fo:margin-bottom="1.15cm" style:dynamic-spacing="true"/></style:header-style><style:footer-style><style:header-footer-properties fo:min-height="0.75cm" fo:margin-left="0cm" fo:margin-right="0cm" fo:margin-top="0.649cm" style:dynamic-spacing="true"/></style:footer-style></style:page-layout></office:automatic-styles><office:master-styles><style:master-page style:name="Standard" style:page-layout-name="Mpm1"><style:header><text:p text:style-name="MP1">Informatik-Spektrum, Band 38</text:p></style:header><style:footer><text:p text:style-name="MP2">- <text:page-number style:num-format="A" text:select-page="current">C</text:page-number> -</text:p><text:p text:style-name="Footer"/></style:footer></style:master-page></office:master-styles></office:document-styles>